{
    "politics": {
        "politics": 0.9334994429987092,
        "general": 0.18597984520994257,
        "covid": 0.41946244369273367,
        "syria": 0.4664839069956341,
        "islam": 0.38535839888011103,
        "notredame": 0.30265400535670806,
        "gossip": 0.3551783129359126
    },
    "general": {
        "politics": 0.4554685370612787,
        "general": 0.9672834870216092,
        "covid": 0.478597887020292,
        "syria": 0.3710144927536232,
        "islam": 0.542433216420709,
        "notredame": 0.4820613302437964,
        "gossip": 0.35031185031185025
    },
    "covid": {
        "politics": 0.8923086132122474,
        "general": 0.6447078930158829,
        "covid": 0.9388488638551111,
        "syria": 0.5226828446241996,
        "islam": 0.48055879699410603,
        "notredame": 0.56020719916149,
        "gossip": 0.48752228163992867
    },
    "syria": {
        "politics": 0.8885682064125199,
        "general": 0.6273890804868434,
        "covid": 0.9407489473289883,
        "syria": 0.48435644049324666,
        "islam": 0.4317755117566826,
        "notredame": 0.5422564725966529,
        "gossip": 0.48752228163992867
    },
    "islam": {
        "politics": 0.8958070168797246,
        "general": 0.6740161543753787,
        "covid": 0.9388447029907941,
        "syria": 0.5045098653304103,
        "islam": 0.8953778168719109,
        "notredame": 0.6068273869184735,
        "gossip": 0.5279146141215106
    },
    "notredame": {
        "politics": 0.8975476265931679,
        "general": 0.6654365618391406,
        "covid": 0.9364807825770025,
        "syria": 0.5215287216977089,
        "islam": 0.875297619047619,
        "notredame": 0.8070595159202755,
        "gossip": 0.4916485112563544
    },
    "gossip": {
        "politics": 0.8666146691949823,
        "general": 0.795718723799228,
        "covid": 0.9321364953825636,
        "syria": 0.502157919915183,
        "islam": 0.87464915797915,
        "notredame": 0.795550056184519,
        "gossip": 0.6884735202492211
    }
}