{
    "politics": 0.4563844299737959,
    "general": 0.5182966504523258,
    "covid": 0.6436989734619425,
    "syria": 0.619432554659634,
    "islam": 0.7079666725132875,
    "notredame": 0.7278106309192816,
    "gossip": 0.7665632898547037
}