{
    "politics": 0.9334994429987242,
    "general": 0.695961963758834,
    "covid": 0.7837891289674579,
    "syria": 0.7045562962659899,
    "islam": 0.7600722223930506,
    "notredame": 0.7635911173421565,
    "gossip": 0.7665632898547037
}