{
    "politics": {
        "politics": 0.9328768182246859,
        "general": 0.2624829682296426,
        "covid": 0.43720195740678575,
        "syria": 0.48332035546986046,
        "islam": 0.45011835832467306,
        "notredame": 0.2977753263467549,
        "gossip": 0.36050156739811906
    },
    "general": {
        "politics": 0.460395525332394,
        "general": 0.964329148165872,
        "covid": 0.3659753892398192,
        "syria": 0.3710144927536232,
        "islam": 0.4381974769529354,
        "notredame": 0.46118028140500045,
        "gossip": 0.33333333333333326
    },
    "covid": {
        "politics": 0.8159412002569083,
        "general": 0.28862523122773615,
        "covid": 0.9445772517913464,
        "syria": 0.45692357723577237,
        "islam": 0.3534278959810875,
        "notredame": 0.34477194964999847,
        "gossip": 0.37996031746031744
    },
    "syria": {
        "politics": 0.8567938258253345,
        "general": 0.39249173515205676,
        "covid": 0.9346085444167345,
        "syria": 0.5454545454545454,
        "islam": 0.43204003947149505,
        "notredame": 0.3535896144591797,
        "gossip": 0.44852941176470584
    },
    "islam": {
        "politics": 0.8783076108058698,
        "general": 0.5562452207738815,
        "covid": 0.9244320135939186,
        "syria": 0.5249322390731566,
        "islam": 0.8543479521986309,
        "notredame": 0.5013513513513514,
        "gossip": 0.4708994708994709
    },
    "notredame": {
        "politics": 0.8716594691433156,
        "general": 0.533601685935258,
        "covid": 0.9259902416388275,
        "syria": 0.5485411140583555,
        "islam": 0.8071459482851888,
        "notredame": 0.8094333390337551,
        "gossip": 0.5037482842360892
    },
    "gossip": {
        "politics": 0.821412809732381,
        "general": 0.7469186254958974,
        "covid": 0.9066279392157429,
        "syria": 0.5372716614348928,
        "islam": 0.8333333333333334,
        "notredame": 0.762170061116055,
        "gossip": 0.6884735202492211
    }
}