{
    "politics": 0.932876818224701,
    "general": 0.6968558353914316,
    "covid": 0.6554902032045683,
    "syria": 0.6558286037171431,
    "islam": 0.7239029482045233,
    "notredame": 0.7296658487238363,
    "gossip": 0.7412274017622653
}