{
    "politics": 0.4702576938856438,
    "general": 0.4759546035005146,
    "covid": 0.5169140824751944,
    "syria": 0.566160230203367,
    "islam": 0.6612349992233378,
    "notredame": 0.7005382038925781,
    "gossip": 0.7412274017622653
}