{
    "politics": {
        "politics": 0.917057809205782,
        "general": 0.2816906322555636,
        "covid": 0.4604316771643219,
        "syria": 0.3654714475431607,
        "islam": 0.34979204524327856,
        "notredame": 0.27616841331127046,
        "gossip": 0.3710691823899371
    },
    "general": {
        "politics": 0.9101494620406286,
        "general": 0.7656548269987471,
        "covid": 0.539629216420197,
        "syria": 0.3710144927536232,
        "islam": 0.5356359649122806,
        "notredame": 0.49656104508984733,
        "gossip": 0.40476190476190466
    },
    "covid": {
        "politics": 0.9098291801924742,
        "general": 0.7618615405225347,
        "covid": 0.844422935818607,
        "syria": 0.3710144927536232,
        "islam": 0.5113731910421214,
        "notredame": 0.4795082708126186,
        "gossip": 0.40476190476190466
    },
    "syria": {
        "politics": 0.9101739201471389,
        "general": 0.7587488632642388,
        "covid": 0.8454113686618252,
        "syria": 0.3852429962766044,
        "islam": 0.5113731910421214,
        "notredame": 0.4544726544726545,
        "gossip": 0.40476190476190466
    },
    "islam": {
        "politics": 0.9100579626428903,
        "general": 0.7589738779412424,
        "covid": 0.8439599365654449,
        "syria": 0.3726724364017833,
        "islam": 0.7928960136375558,
        "notredame": 0.4477177454276691,
        "gossip": 0.40476190476190466
    },
    "notredame": {
        "politics": 0.9097818029446078,
        "general": 0.7591988933577586,
        "covid": 0.8415825480714061,
        "syria": 0.3726724364017833,
        "islam": 0.7861274710293116,
        "notredame": 0.679769605671245,
        "gossip": 0.40476190476190466
    },
    "gossip": {
        "politics": 0.909554613702511,
        "general": 0.7595525013973367,
        "covid": 0.8444541635142203,
        "syria": 0.3726724364017833,
        "islam": 0.7861274710293116,
        "notredame": 0.679769605671245,
        "gossip": 0.40476190476190466
    }
}