{
    "politics": 0.48245102344725893,
    "general": 0.6087518871361471,
    "covid": 0.644992932334687,
    "syria": 0.6402282394335829,
    "islam": 0.6761983188718845,
    "notredame": 0.7007853860315263,
    "gossip": 0.7012035768448264
}