{
    "politics": 0.9170578092058005,
    "general": 0.7918511988058408,
    "covid": 0.8032002048526258,
    "syria": 0.72299540109834,
    "islam": 0.7366593226757445,
    "notredame": 0.726951184204695,
    "gossip": 0.7012035768448264
}