{
    "politics": {
        "politics": 0.945923451420287,
        "general": 0.46360490400385307,
        "covid": 0.50872599783629,
        "syria": 0.4796233265259814,
        "islam": 0.4702380952380953,
        "notredame": 0.29841942141500083,
        "gossip": 0.5985547972701727
    },
    "general": {
        "politics": 0.9086268337816419,
        "general": 0.9680021644592334,
        "covid": 0.3679033203139049,
        "syria": 0.3710144927536232,
        "islam": 0.4689252786403794,
        "notredame": 0.46544868891237606,
        "gossip": 0.33333333333333326
    },
    "covid": {
        "politics": 0.9255933545202808,
        "general": 0.8049916140091722,
        "covid": 0.9734472372919045,
        "syria": 0.3815354615294098,
        "islam": 0.34145021645021645,
        "notredame": 0.7420570260982633,
        "gossip": 0.537037037037037
    },
    "syria": {
        "politics": 0.9342405422019938,
        "general": 0.8403297636624563,
        "covid": 0.9696624633203593,
        "syria": 0.4854168965390415,
        "islam": 0.5014432448642974,
        "notredame": 0.7329093799682036,
        "gossip": 0.5920032639738882
    },
    "islam": {
        "politics": 0.9355425564438128,
        "general": 0.7869793022831084,
        "covid": 0.9616211682364589,
        "syria": 0.5095604178986792,
        "islam": 0.9305555555555556,
        "notredame": 0.7598461967121761,
        "gossip": 0.5571658615136876
    },
    "notredame": {
        "politics": 0.9333750640769248,
        "general": 0.7822763286233835,
        "covid": 0.9549534695110419,
        "syria": 0.4863636363636364,
        "islam": 0.9166666666666666,
        "notredame": 0.8500121743364987,
        "gossip": 0.5772946859903382
    },
    "gossip": {
        "politics": 0.9330711912294091,
        "general": 0.8019117797895576,
        "covid": 0.9516324415911489,
        "syria": 0.48484848484848486,
        "islam": 0.9164327719860998,
        "notredame": 0.8448353791143389,
        "gossip": 0.7863899908452854
    }
}