{
    "politics": 0.9468203835946589,
    "general": 0.9443761764413748,
    "covid": 0.8941162724708974,
    "syria": 0.7984528092657143,
    "islam": 0.8346399245774897,
    "notredame": 0.837038863564861,
    "gossip": 0.8441967605792381
}