{
    "politics": 0.945923451420298,
    "general": 0.9419741258915094,
    "covid": 0.8702777642752594,
    "syria": 0.7887439527884889,
    "islam": 0.8067941743564132,
    "notredame": 0.8056221026358777,
    "gossip": 0.8035558741068706
}