{
    "politics": {
        "politics": 0.9439134613598341,
        "general": 0.5701073658453104,
        "covid": 0.4291360993489662,
        "syria": 0.4933174495121398,
        "islam": 0.5730845262440355,
        "notredame": 0.36524782622343605,
        "gossip": 0.5174632352941176
    },
    "general": {
        "politics": 0.9025291541361788,
        "general": 0.9678075206933271,
        "covid": 0.3607665121815625,
        "syria": 0.3710144927536232,
        "islam": 0.4381974769529354,
        "notredame": 0.46544868891237606,
        "gossip": 0.33333333333333326
    },
    "covid": {
        "politics": 0.9221977431320199,
        "general": 0.7408124310356238,
        "covid": 0.9729881874584559,
        "syria": 0.5619143916413887,
        "islam": 0.2987983641209448,
        "notredame": 0.4477177454276691,
        "gossip": 0.49558638083228246
    },
    "syria": {
        "politics": 0.9326522030593644,
        "general": 0.8337358354806033,
        "covid": 0.9424345281567922,
        "syria": 0.6002652519893898,
        "islam": 0.5163255360623782,
        "notredame": 0.5567567567567567,
        "gossip": 0.50997150997151
    },
    "islam": {
        "politics": 0.9359727681289683,
        "general": 0.7093114073542393,
        "covid": 0.9454438631469629,
        "syria": 0.499628925694633,
        "islam": 0.9513232868496027,
        "notredame": 0.4864743948713414,
        "gossip": 0.579326923076923
    },
    "notredame": {
        "politics": 0.9359872573429074,
        "general": 0.708049980073115,
        "covid": 0.9492302289433353,
        "syria": 0.5450203886705117,
        "islam": 0.9170287708209889,
        "notredame": 0.8738738738738738,
        "gossip": 0.5182657567242072
    },
    "gossip": {
        "politics": 0.9373462366839169,
        "general": 0.7885993272351387,
        "covid": 0.9372824806399221,
        "syria": 0.5338135665894863,
        "islam": 0.93036064332175,
        "notredame": 0.8438100843164135,
        "gossip": 0.7889659330720531
    }
}