{
    "politics": {
        "politics": 0.9468203835946479,
        "general": 0.4801636694498435,
        "covid": 0.4226984089208783,
        "syria": 0.53379641998397,
        "islam": 0.41045407233931824,
        "notredame": 0.35705705705705704,
        "gossip": 0.5974235104669887
    },
    "general": {
        "politics": 0.9141887380098341,
        "general": 0.9703034728349991,
        "covid": 0.4263323385829909,
        "syria": 0.3710144927536232,
        "islam": 0.4537768031189084,
        "notredame": 0.4810030369352403,
        "gossip": 0.33333333333333326
    },
    "covid": {
        "politics": 0.9248326237764711,
        "general": 0.8506682564552588,
        "covid": 0.9805704506280123,
        "syria": 0.5333333333333333,
        "islam": 0.3539496527777778,
        "notredame": 0.4679672888628112,
        "gossip": 0.5192307692307692
    },
    "syria": {
        "politics": 0.929362646364787,
        "general": 0.8561512494434861,
        "covid": 0.97442291557563,
        "syria": 0.4991338112305855,
        "islam": 0.2889906906404368,
        "notredame": 0.5058527195931777,
        "gossip": 0.5757575757575758
    },
    "islam": {
        "politics": 0.9314729823336606,
        "general": 0.8655471926588644,
        "covid": 0.9682607736315658,
        "syria": 0.5535719182778006,
        "islam": 0.9170287708209889,
        "notredame": 0.7038130116801872,
        "gossip": 0.49919871794871795
    },
    "notredame": {
        "politics": 0.935908959271906,
        "general": 0.846140336745971,
        "covid": 0.9524920797002406,
        "syria": 0.5456140350877193,
        "islam": 0.9444444444444444,
        "notredame": 0.8718087806115975,
        "gossip": 0.5647332725984411
    },
    "gossip": {
        "politics": 0.935279409132617,
        "general": 0.8623812697159812,
        "covid": 0.9530459129813837,
        "syria": 0.5798594847775176,
        "islam": 0.9374156545209177,
        "notredame": 0.8901218119527978,
        "gossip": 0.82
    }
}