{
    "politics": 0.5398236707854923,
    "general": 0.5870450737583772,
    "covid": 0.6756592762049323,
    "syria": 0.6790438210365788,
    "islam": 0.7693064289591736,
    "notredame": 0.7981587846479613,
    "gossip": 0.8441967605792381
}