{
    "politics": 0.56917266362019,
    "general": 0.5705104988530617,
    "covid": 0.6516444708355613,
    "syria": 0.7040360648725537,
    "islam": 0.7232491898199959,
    "notredame": 0.7613832004239759,
    "gossip": 0.8083928196204045
}