{
    "politics": 0.9439134613598458,
    "general": 0.9382466904387745,
    "covid": 0.8411809404689786,
    "syria": 0.8071298468833968,
    "islam": 0.791579915786601,
    "notredame": 0.8017655491971147,
    "gossip": 0.8083928196204045
}