{
    "politics": 0.5463277213551042,
    "general": 0.5780587661714408,
    "covid": 0.6955697208510339,
    "syria": 0.7186152948686572,
    "islam": 0.76496893396822,
    "notredame": 0.7729837163670454,
    "gossip": 0.8035558741068706
}