{
    "gossip": 0.6136082536168932,
    "notredame": 0.5045890984221195,
    "islam": 0.46146786035844034,
    "syria": 0.6470070710097939,
    "covid": 0.4019694917610927,
    "general": 0.4664587394347079,
    "politics": 0.493618182357843
}