{
    "gossip": {
        "gossip": 0.7899789978997899,
        "notredame": 0.48567208679568225,
        "islam": 0.570130113951742,
        "syria": 0.4144628099173553,
        "covid": 0.45858678220479504,
        "general": 0.7851191930617967,
        "politics": 0.6239425090141272
    },
    "notredame": {
        "gossip": 0.5558672276764844,
        "notredame": 0.8621853685144825,
        "islam": 0.38065843621399176,
        "syria": 0.34200024041351124,
        "covid": 0.6606837925332373,
        "general": 0.16863382262202306,
        "politics": 0.49592611996652386
    },
    "islam": {
        "gossip": 0.37629937629937626,
        "notredame": 0.4329199175534873,
        "islam": 0.9514493173995437,
        "syria": 0.29432918395574,
        "covid": 0.3624096054812321,
        "general": 0.025507865270894027,
        "politics": 0.3612362728546568
    },
    "syria": {
        "gossip": 0.5906626839252129,
        "notredame": 0.6699367831443303,
        "islam": 0.8223660159391679,
        "syria": 0.3633014829867266,
        "covid": 0.7092987971308962,
        "general": 0.3381860788151826,
        "politics": 0.3600933521394087
    },
    "covid": {
        "gossip": 0.33333333333333326,
        "notredame": 0.3884365134365134,
        "islam": 0.25307007444930535,
        "syria": 0.296969696969697,
        "covid": 0.9815249279347921,
        "general": 0.005559499003961258,
        "politics": 0.28315635784640186
    },
    "general": {
        "gossip": 0.33333333333333326,
        "notredame": 0.46544868891237606,
        "islam": 0.4381974769529354,
        "syria": 0.3710144927536232,
        "covid": 0.35970815038969056,
        "general": 0.9705443643365154,
        "politics": 0.3868309772079743
    },
    "politics": {
        "gossip": 0.4221016629319495,
        "notredame": 0.33531277756629874,
        "islam": 0.6122306947470345,
        "syria": 0.4781777596902093,
        "covid": 0.5945786797991612,
        "general": 0.22632196478035427,
        "politics": 0.9415893844968957
    }
}