{
    "gossip": {
        "gossip": 0.6788438378161381,
        "notredame": 0.3878740053922536,
        "islam": 0.7173868312757201,
        "syria": 0.37538461538461537,
        "covid": 0.48607253086419744,
        "general": 0.4928583511617493,
        "politics": 0.77992673992674
    },
    "notredame": {
        "gossip": 0.5766488413547237,
        "notredame": 0.7256977256977256,
        "islam": 0.5637792397660818,
        "syria": 0.4001693121693122,
        "covid": 0.6702222222222222,
        "general": 0.18235104669887278,
        "politics": 0.5529517396184063
    },
    "islam": {
        "gossip": 0.3967398280066743,
        "notredame": 0.527082034544721,
        "islam": 0.9579274891774892,
        "syria": 0.30413273001508295,
        "covid": 0.43557010025453224,
        "general": 0.027103426818969732,
        "politics": 0.22473039215686275
    },
    "syria": {
        "gossip": 0.6697027324592133,
        "notredame": 0.6936936936936937,
        "islam": 0.8223660159391679,
        "syria": 0.5251160158460667,
        "covid": 0.7668223952539859,
        "general": 0.7539127956682815,
        "politics": 0.7415354938271606
    },
    "covid": {
        "gossip": 0.3288590604026846,
        "notredame": 0.4266754559437486,
        "islam": 0.25307007444930535,
        "syria": 0.3799730094466936,
        "covid": 0.9799705080655973,
        "general": 0.01403271692745377,
        "politics": 0.22207336523125992
    },
    "general": {
        "gossip": 0.33333333333333326,
        "notredame": 0.46544868891237606,
        "islam": 0.4381974769529354,
        "syria": 0.3633770014556041,
        "covid": 0.3633770014556041,
        "general": 0.9701010101010102,
        "politics": 0.4581466113416321
    },
    "politics": {
        "gossip": 0.38557993730407525,
        "notredame": 0.28552851831329357,
        "islam": 0.43741099103627384,
        "syria": 0.4110397946084724,
        "covid": 0.4110397946084724,
        "general": 0.2760179518563851,
        "politics": 0.9598725637181409
    }
}