{
    "politics": {
        "politics": 0.9463044708545557,
        "general": 0.2542624434389141,
        "covid": 0.41986666666666667,
        "syria": 0.4845867050290714,
        "islam": 0.33184794865122735,
        "notredame": 0.28794777760295,
        "gossip": 0.43576388888888884
    },
    "general": {
        "politics": 0.4581466113416321,
        "general": 0.9701010101010102,
        "covid": 0.3633770014556041,
        "syria": 0.3633770014556041,
        "islam": 0.4381974769529354,
        "notredame": 0.46544868891237606,
        "gossip": 0.33333333333333326
    },
    "covid": {
        "politics": 0.947047898338221,
        "general": 0.11391025641025643,
        "covid": 0.9799919710959455,
        "syria": 0.340026455026455,
        "islam": 0.232379767827529,
        "notredame": 0.36172084273350097,
        "gossip": 0.37996031746031744
    },
    "syria": {
        "politics": 0.8873694364062285,
        "general": 0.43399043062200954,
        "covid": 0.9665696416043468,
        "syria": 0.5428083229984842,
        "islam": 0.25806366087931404,
        "notredame": 0.57108442209288,
        "gossip": 0.5066495066495067
    },
    "islam": {
        "politics": 0.4920325203252033,
        "general": 0.2741133720930233,
        "covid": 0.9599141170155664,
        "syria": 0.2982648401826484,
        "islam": 0.9441083551791356,
        "notredame": 0.5424626400236157,
        "gossip": 0.4415954415954416
    },
    "notredame": {
        "politics": 0.7885349388797664,
        "general": 0.47317216117216115,
        "covid": 0.9464658058345289,
        "syria": 0.31247855597822033,
        "islam": 0.8885770293147999,
        "notredame": 0.8600110314396028,
        "gossip": 0.60996099609961
    },
    "gossip": {
        "politics": 0.8211904761904762,
        "general": 0.6054162138665506,
        "covid": 0.9125151693090625,
        "syria": 0.5379128672745693,
        "islam": 0.893644257413814,
        "notredame": 0.764883764883765,
        "gossip": 0.7286704853783539
    }
}