{
    "politics": 0.5051434194190734,
    "general": 0.48593622188426927,
    "covid": 0.38830993280874293,
    "syria": 0.47768361281509336,
    "islam": 0.5019916164111122,
    "notredame": 0.6444436024616516,
    "gossip": 0.742109322041281
}