{
    "politics": {
        "politics": 0.9437352070923503,
        "general": 0.23158268004857285,
        "covid": 0.4779045967920932,
        "syria": 0.43464566929133863,
        "islam": 0.5409722222222223,
        "notredame": 0.32517132517132513,
        "gossip": 0.46236559139784944
    },
    "general": {
        "politics": 0.39826303131636925,
        "general": 0.9725310431519804,
        "covid": 0.35970815038969056,
        "syria": 0.3710144927536232,
        "islam": 0.4381974769529354,
        "notredame": 0.46544868891237606,
        "gossip": 0.33333333333333326
    },
    "covid": {
        "politics": 0.29008836272132865,
        "general": 0.045797152027395836,
        "covid": 0.9677573595687413,
        "syria": 0.3573025604038947,
        "islam": 0.25307007444930535,
        "notredame": 0.3357301064582968,
        "gossip": 0.33333333333333326
    },
    "syria": {
        "politics": 0.297685707670842,
        "general": 0.2350994641215771,
        "covid": 0.9399660220605954,
        "syria": 0.5087719298245614,
        "islam": 0.2481090892381215,
        "notredame": 0.5204291731855262,
        "gossip": 0.4233836339099497
    },
    "islam": {
        "politics": 0.3007194256680917,
        "general": 0.0685313886847913,
        "covid": 0.9606906966398846,
        "syria": 0.3231481481481482,
        "islam": 0.9513232868496027,
        "notredame": 0.27240130719283784,
        "gossip": 0.33333333333333326
    },
    "notredame": {
        "politics": 0.5796812235704352,
        "general": 0.39278239677194243,
        "covid": 0.8847382116859243,
        "syria": 0.34200024041351124,
        "islam": 0.9230123612866975,
        "notredame": 0.8513091317705593,
        "gossip": 0.50997150997151
    },
    "gossip": {
        "politics": 0.7885703306238854,
        "general": 0.7180014703287669,
        "covid": 0.786856588553209,
        "syria": 0.506120304701865,
        "islam": 0.8788294735016046,
        "notredame": 0.7212453172731845,
        "gossip": 0.7996794871794871
    }
}