{
    "politics": 0.8010918138420825,
    "general": 0.4568054495631,
    "covid": 0.3534295926253383,
    "syria": 0.766368301849463,
    "islam": 0.562047793716253,
    "notredame": 0.8117263180779594,
    "gossip": 0.8245569604573907
}