{
    "politics": {
        "politics": 0.9455916823312985,
        "general": 0.16122554348946133,
        "covid": 0.41344605023897646,
        "syria": 0.44983164983164986,
        "islam": 0.4477574097485602,
        "notredame": 0.2977753263467549,
        "gossip": 0.3911719939117199
    },
    "general": {
        "politics": 0.40596591659298287,
        "general": 0.9702415620288831,
        "covid": 0.36707890538801596,
        "syria": 0.3710144927536232,
        "islam": 0.4537768031189084,
        "notredame": 0.46544868891237606,
        "gossip": 0.3288590604026846
    },
    "covid": {
        "politics": 0.30797613196649026,
        "general": 0.08083584857031492,
        "covid": 0.9620829644570895,
        "syria": 0.3202354131224424,
        "islam": 0.25002620994643643,
        "notredame": 0.30265400535670806,
        "gossip": 0.3453985367731998
    },
    "syria": {
        "politics": 0.8316647567953596,
        "general": 0.30451099170760787,
        "covid": 0.9433707725235014,
        "syria": 0.5984852984852985,
        "islam": 0.3405179451295956,
        "notredame": 0.4749865072445717,
        "gossip": 0.4652406417112299
    },
    "islam": {
        "politics": 0.577506222494439,
        "general": 0.19561810999294654,
        "covid": 0.9496736971159513,
        "syria": 0.35898428336851984,
        "islam": 0.93036064332175,
        "notredame": 0.43498953498953496,
        "gossip": 0.4350282485875706
    },
    "notredame": {
        "politics": 0.8847360975469943,
        "general": 0.3004236649660398,
        "covid": 0.9420066208712927,
        "syria": 0.35401269130272495,
        "islam": 0.9375776937994131,
        "notredame": 0.8524678524678524,
        "gossip": 0.4456893501592169
    },
    "gossip": {
        "politics": 0.8599899301689747,
        "general": 0.6569362668661777,
        "covid": 0.9026613764773612,
        "syria": 0.5503058103975536,
        "islam": 0.9151234567901234,
        "notredame": 0.836488662575619,
        "gossip": 0.719551282051282
    }
}