{
    "gossip": {
        "gossip": 0.7064480210547626,
        "notredame": 0.5756772262796359,
        "islam": 0.617948717948718,
        "syria": 0.3710144927536232,
        "covid": 0.4974637687255735,
        "general": 0.6364350558095728,
        "politics": 0.6788486597768091
    },
    "notredame": {
        "gossip": 0.4295634920634921,
        "notredame": 0.7699559397672605,
        "islam": 0.41808510638297874,
        "syria": 0.37430340557275543,
        "covid": 0.6885801224161712,
        "general": 0.08939611451867194,
        "politics": 0.42269755415777843
    },
    "islam": {
        "gossip": 0.3967398280066743,
        "notredame": 0.822054197054197,
        "islam": 0.9370101137800254,
        "syria": 0.33282182438192665,
        "covid": 0.5564337981489058,
        "general": 0.04950783345717167,
        "politics": 0.4325913270151576
    },
    "syria": {
        "gossip": 0.33333333333333326,
        "notredame": 0.46544868891237606,
        "islam": 0.4381974769529354,
        "syria": 0.3710144927536232,
        "covid": 0.35970815038969056,
        "general": 0.9680021644592334,
        "politics": 0.3868309772079743
    },
    "covid": {
        "gossip": 0.37629937629937626,
        "notredame": 0.5639876937586861,
        "islam": 0.30976430976430974,
        "syria": 0.29432918395574,
        "covid": 0.9777308013223898,
        "general": 0.010199384398614592,
        "politics": 0.2883280551951654
    },
    "general": {
        "gossip": 0.33333333333333326,
        "notredame": 0.46544868891237606,
        "islam": 0.4381974769529354,
        "syria": 0.3710144927536232,
        "covid": 0.3607665121815625,
        "general": 0.9713101347727957,
        "politics": 0.3868309772079743
    },
    "politics": {
        "gossip": 0.3551783129359126,
        "notredame": 0.2901701701701702,
        "islam": 0.5732473544973545,
        "syria": 0.47468420503184044,
        "covid": 0.5091963926858226,
        "general": 0.12548044707410252,
        "politics": 0.9424865843242456
    }
}