{
    "gossip": 0.6050355763337765,
    "notredame": 0.47546216376803624,
    "islam": 0.41253650500339756,
    "syria": 0.5688351378669351,
    "covid": 0.37746924556390304,
    "general": 0.4835364908663338,
    "politics": 0.5261173949741842
}