{
    "gossip": 0.5785592350011174,
    "notredame": 0.5280395642026205,
    "islam": 0.4259573638434361,
    "syria": 0.6980792062922313,
    "covid": 0.3934168080033429,
    "general": 0.4835364908663338,
    "politics": 0.47199659932444116
}