{
    "gossip": 0.6446865686165927,
    "notredame": 0.4110267536563022,
    "islam": 0.3936212159306109,
    "syria": 0.4405895449463114,
    "covid": 0.3361517115152326,
    "general": 0.44110662457638683,
    "politics": 0.805965052381286
}