{
    "politics": 0.4645021587786428,
    "general": 0.4835364908663338,
    "covid": 0.5231879937472913,
    "syria": 0.6075013411883923,
    "islam": 0.5823072504878826,
    "notredame": 0.6996167653764261,
    "gossip": 0.7405611059567715
}