{
    "politics": 0.47131894238830635,
    "general": 0.4661214429982197,
    "covid": 0.3742292067062286,
    "syria": 0.5058289946319622,
    "islam": 0.5294777170929968,
    "notredame": 0.6527882710748443,
    "gossip": 0.742919239973842
}