{
    "gossip": {
        "gossip": 0.7362012987012987,
        "notredame": 0.5335841335841336,
        "islam": 0.7103650670794635,
        "syria": 0.4144628099173553,
        "covid": 0.5721109985091128,
        "general": 0.6042212716355341,
        "politics": 0.7178549763109314
    },
    "notredame": {
        "gossip": 0.5929443690637721,
        "notredame": 0.887509130752374,
        "islam": 0.332591214042827,
        "syria": 0.30460864101031465,
        "covid": 0.6635209022657553,
        "general": 0.1654545325362471,
        "politics": 0.4593058068209258
    },
    "islam": {
        "gossip": 0.4165398274987316,
        "notredame": 0.6437408442016738,
        "islam": 0.9513232868496027,
        "syria": 0.296969696969697,
        "covid": 0.36209061446116764,
        "general": 0.05541510662230947,
        "politics": 0.34440721654264855
    },
    "syria": {
        "gossip": 0.6254681647940075,
        "notredame": 0.6537489870823204,
        "islam": 0.6915145822150653,
        "syria": 0.430890000981258,
        "covid": 0.7766169887996702,
        "general": 0.8158575512748774,
        "politics": 0.5952469812612994
    },
    "covid": {
        "gossip": 0.3551783129359126,
        "notredame": 0.46110477297094277,
        "islam": 0.2819823232323232,
        "syria": 0.30460864101031465,
        "covid": 0.9796260522736757,
        "general": 0.01246974913856699,
        "politics": 0.2872196324636045
    },
    "general": {
        "gossip": 0.3288590604026846,
        "notredame": 0.46544868891237606,
        "islam": 0.4381974769529354,
        "syria": 0.3710144927536232,
        "covid": 0.37125159793187673,
        "general": 0.9714988122815391,
        "politics": 0.38585803459579543
    },
    "politics": {
        "gossip": 0.3988467672678199,
        "notredame": 0.32444606768931095,
        "islam": 0.5163255360623782,
        "syria": 0.44764232057199743,
        "covid": 0.5862748876909979,
        "general": 0.19850198153526738,
        "politics": 0.9447615866087982
    }
}