{
    "politics": {
        "politics": 0.9454595906871166,
        "general": 0.200295318839946,
        "covid": 0.5094268117416867,
        "syria": 0.46617179215270416,
        "islam": 0.4904550577627501,
        "notredame": 0.29287398429431594,
        "gossip": 0.36050156739811906
    },
    "general": {
        "politics": 0.3865934043226381,
        "general": 0.9712462471891685,
        "covid": 0.3649819326410704,
        "syria": 0.3682539682539682,
        "islam": 0.4381974769529354,
        "notredame": 0.46544868891237606,
        "gossip": 0.33333333333333326
    },
    "covid": {
        "politics": 0.2926609516799379,
        "general": 0.0032312681635021955,
        "covid": 0.9744134327270281,
        "syria": 0.296969696969697,
        "islam": 0.232379767827529,
        "notredame": 0.3409891524177239,
        "gossip": 0.33333333333333326
    },
    "syria": {
        "politics": 0.6541536395888251,
        "general": 0.26626353346231335,
        "covid": 0.9500595769243009,
        "syria": 0.4813917365641504,
        "islam": 0.24074074074074073,
        "notredame": 0.4544726544726545,
        "gossip": 0.4109868974636375
    },
    "islam": {
        "politics": 0.32716203081331746,
        "general": 0.08360159142666145,
        "covid": 0.9587161972769683,
        "syria": 0.4186198403143897,
        "islam": 0.9370101137800254,
        "notredame": 0.42855745840820464,
        "gossip": 0.3551783129359126
    },
    "notredame": {
        "politics": 0.7425034786219308,
        "general": 0.23890496600196684,
        "covid": 0.9433055449246832,
        "syria": 0.3202354131224424,
        "islam": 0.9034636488340192,
        "notredame": 0.8438100843164135,
        "gossip": 0.4456893501592169
    },
    "gossip": {
        "politics": 0.865240571862966,
        "general": 0.6171202070351448,
        "covid": 0.8896469349309185,
        "syria": 0.5125928167114204,
        "islam": 0.9090146087933699,
        "notredame": 0.8150494259305044,
        "gossip": 0.7092731829573935
    }
}