{
    "politics": 0.4524583205254734,
    "general": 0.36681486067506897,
    "covid": 0.3129059394421912,
    "syria": 0.32312110050627213,
    "islam": 0.32083122661915986,
    "notredame": 0.29638135140659316,
    "gossip": 0.3057350049162193
}