{
    "politics": {
        "politics": 0.9361096134520983,
        "general": 0.12765379604547153,
        "covid": 0.5874478119133448,
        "syria": 0.4090197306608206,
        "islam": 0.278627061650324,
        "notredame": 0.23550404624573423,
        "gossip": 0.3288590604026846
    },
    "general": {
        "politics": 0.41491454027762664,
        "general": 0.9646450324338133,
        "covid": 0.3616073834210087,
        "syria": 0.3710144927536232,
        "islam": 0.4381974769529354,
        "notredame": 0.48567208679568225,
        "gossip": 0.3288590604026846
    },
    "covid": {
        "politics": 0.6091888680641442,
        "general": 0.10100782697814427,
        "covid": 0.9204132483550622,
        "syria": 0.3084135871593878,
        "islam": 0.25307007444930535,
        "notredame": 0.4079437101334912,
        "gossip": 0.3551783129359126
    },
    "syria": {
        "politics": 0.799523617680642,
        "general": 0.5207493638057746,
        "covid": 0.8679448389754542,
        "syria": 0.4430555555555555,
        "islam": 0.5493820389059529,
        "notredame": 0.704935704935705,
        "gossip": 0.6010230179028133
    },
    "islam": {
        "politics": 0.8037978812996933,
        "general": 0.6378547986132288,
        "covid": 0.8706715455908111,
        "syria": 0.3975994755156589,
        "islam": 0.8277854972128776,
        "notredame": 0.5353414572672868,
        "gossip": 0.62
    },
    "notredame": {
        "politics": 0.8107800255902874,
        "general": 0.4810549540919153,
        "covid": 0.8493107261203047,
        "syria": 0.41821520746476076,
        "islam": 0.6980544679159753,
        "notredame": 0.8141364147131991,
        "gossip": 0.6100164203612479
    },
    "gossip": {
        "politics": 0.8240311764933299,
        "general": 0.5922737784661429,
        "covid": 0.8013148477611339,
        "syria": 0.46918918918918917,
        "islam": 0.793366355866356,
        "notredame": 0.7787787787787788,
        "gossip": 0.6899689968996898
    }
}