{
    "politics": 0.9361096134521125,
    "general": 0.6732212656408245,
    "covid": 0.5339308181100487,
    "syria": 0.6446661112519838,
    "islam": 0.7079074929064902,
    "notredame": 0.6639943213215804,
    "gossip": 0.6906173507578535
}