{
    "politics": {
        "politics": 0.9373206107103894,
        "general": 0.18801349493279934,
        "covid": 0.5980340321782374,
        "syria": 0.4383293622278533,
        "islam": 0.2819019391600037,
        "notredame": 0.267987987987988,
        "gossip": 0.3288590604026846
    },
    "general": {
        "politics": 0.9192200284433597,
        "general": 0.04278559632254437,
        "covid": 0.36037958950990073,
        "syria": 0.36334391534391536,
        "islam": 0.23816365626710453,
        "notredame": 0.2163332163332163,
        "gossip": 0.33333333333333326
    },
    "covid": {
        "politics": 0.7498480546560702,
        "general": 0.0047840377011587965,
        "covid": 0.3540574844212061,
        "syria": 0.3074074074074074,
        "islam": 0.23816365626710453,
        "notredame": 0.2163332163332163,
        "gossip": 0.33333333333333326
    },
    "syria": {
        "politics": 0.8229168117001902,
        "general": 0.0016760311499166135,
        "covid": 0.3094903191388277,
        "syria": 0.29432918395574,
        "islam": 0.23816365626710453,
        "notredame": 0.2163332163332163,
        "gossip": 0.33333333333333326
    },
    "islam": {
        "politics": 0.8137611983292058,
        "general": 0.0016760311499166135,
        "covid": 0.3094903191388277,
        "syria": 0.29432918395574,
        "islam": 0.23816365626710453,
        "notredame": 0.2163332163332163,
        "gossip": 0.33333333333333326
    },
    "notredame": {
        "politics": 0.7118813972056316,
        "general": 0.0016760311499166135,
        "covid": 0.30740317999305555,
        "syria": 0.296969696969697,
        "islam": 0.23816365626710453,
        "notredame": 0.2163332163332163,
        "gossip": 0.33333333333333326
    },
    "gossip": {
        "politics": 0.7513419153972416,
        "general": 0.0016760311499166135,
        "covid": 0.30740317999305555,
        "syria": 0.296969696969697,
        "islam": 0.23816365626710453,
        "notredame": 0.2163332163332163,
        "gossip": 0.33333333333333326
    }
}