{
    "politics": 0.4339923488881123,
    "general": 0.4711227245191646,
    "covid": 0.4348329498933787,
    "syria": 0.6396360836306423,
    "islam": 0.6717266631922857,
    "notredame": 0.6565091055631821,
    "gossip": 0.6906173507578535
}