{
    "politics": 0.937320610710403,
    "general": 0.4828583114373831,
    "covid": 0.3556378571740693,
    "syria": 0.361449005765484,
    "islam": 0.33690411460904085,
    "notredame": 0.2907965107306163,
    "gossip": 0.3057350049162193
}