{
    "politics": {
        "politics": 0.9366392377044979,
        "general": 0.4434977023103239,
        "covid": 0.3868688566862919,
        "syria": 0.4028570077101367,
        "islam": 0.40192080378250594,
        "notredame": 0.4612213802042306,
        "gossip": 0.4554512802687985
    },
    "general": {
        "politics": 0.4288393109340505,
        "general": 0.9700954646597263,
        "covid": 0.35970815038969056,
        "syria": 0.3710144927536232,
        "islam": 0.4381974769529354,
        "notredame": 0.46544868891237606,
        "gossip": 0.33333333333333326
    },
    "covid": {
        "politics": 0.9064106994412501,
        "general": 0.18001361941474092,
        "covid": 0.9388781568210274,
        "syria": 0.3407407407407407,
        "islam": 0.26446969696969697,
        "notredame": 0.27240130719283784,
        "gossip": 0.3710691823899371
    },
    "syria": {
        "politics": 0.9050931846659009,
        "general": 0.427225171801421,
        "covid": 0.9107849559399382,
        "syria": 0.45510744774801304,
        "islam": 0.36198532044396703,
        "notredame": 0.3462597212597212,
        "gossip": 0.39290917921321034
    },
    "islam": {
        "politics": 0.9193223830662193,
        "general": 0.749872004298879,
        "covid": 0.7986362169976301,
        "syria": 0.3815354615294098,
        "islam": 0.8360634053257004,
        "notredame": 0.6313854083969026,
        "gossip": 0.4906621392190152
    },
    "notredame": {
        "politics": 0.9207430613170561,
        "general": 0.6336474934552102,
        "covid": 0.8498591625296472,
        "syria": 0.5223853760863051,
        "islam": 0.7793454830491867,
        "notredame": 0.7815990206234109,
        "gossip": 0.5353535353535354
    },
    "gossip": {
        "politics": 0.9207916188318372,
        "general": 0.6962521324078463,
        "covid": 0.8420868111740965,
        "syria": 0.5033434650455928,
        "islam": 0.8127330813982397,
        "notredame": 0.8022184177374028,
        "gossip": 0.6565656565656566
    }
}