{
    "politics": 0.9366392377045111,
    "general": 0.6833509675883199,
    "covid": 0.6595340775231325,
    "syria": 0.6472736855548538,
    "islam": 0.7365801614197494,
    "notredame": 0.7278757980943372,
    "gossip": 0.7308214674607046
}