{
    "politics": 0.5240575430789752,
    "general": 0.47150074736858216,
    "covid": 0.49340700000900806,
    "syria": 0.5534010283454885,
    "islam": 0.6867354023175071,
    "notredame": 0.7001917379470464,
    "gossip": 0.7308214674607046
}