{
    "politics": {
        "politics": 0.9363941625709669,
        "general": 0.3929649014633372,
        "covid": 0.3928857608790067,
        "syria": 0.3891427958373565,
        "islam": 0.2819823232323232,
        "notredame": 0.3710566358320495,
        "gossip": 0.3911719939117199
    },
    "general": {
        "politics": 0.3960782236486635,
        "general": 0.9680021644592334,
        "covid": 0.35970815038969056,
        "syria": 0.3710144927536232,
        "islam": 0.4381974769529354,
        "notredame": 0.46544868891237606,
        "gossip": 0.33333333333333326
    },
    "covid": {
        "politics": 0.9068448363371913,
        "general": 0.16920505796667779,
        "covid": 0.9355562466715643,
        "syria": 0.3521159420289855,
        "islam": 0.23816365626710453,
        "notredame": 0.25001365510646356,
        "gossip": 0.3551783129359126
    },
    "syria": {
        "politics": 0.9129738275863266,
        "general": 0.5892781761281396,
        "covid": 0.8043821597706128,
        "syria": 0.4870912082179688,
        "islam": 0.6126953125000001,
        "notredame": 0.6345099788460627,
        "gossip": 0.537037037037037
    },
    "islam": {
        "politics": 0.920430657131518,
        "general": 0.7104561652218891,
        "covid": 0.8068430722002246,
        "syria": 0.4040388145816942,
        "islam": 0.8659253469552788,
        "notredame": 0.626073131955485,
        "gossip": 0.5332792207792209
    },
    "notredame": {
        "politics": 0.9228213081653464,
        "general": 0.6140091031112249,
        "covid": 0.8600029162215467,
        "syria": 0.5114285714285715,
        "islam": 0.8138888888888889,
        "notredame": 0.8155848155848157,
        "gossip": 0.5985547972701727
    },
    "gossip": {
        "politics": 0.9099547684627103,
        "general": 0.7952496356402767,
        "covid": 0.814808899451065,
        "syria": 0.4333011479454994,
        "islam": 0.8414729408823897,
        "notredame": 0.8002228513374862,
        "gossip": 0.7126436781609194
    }
}