{
    "politics": 0.4987700682795695,
    "general": 0.46877731020228885,
    "covid": 0.48363211562913994,
    "syria": 0.5394473221997189,
    "islam": 0.676316600064078,
    "notredame": 0.7088006339274259,
    "gossip": 0.7396250455543434
}