{
    "politics": 0.9354714293226025,
    "general": 0.6739431234726687,
    "covid": 0.6479233544691457,
    "syria": 0.643880027263267,
    "islam": 0.723277206081124,
    "notredame": 0.7240940259655799,
    "gossip": 0.7396250455543434
}