{
    "politics": 0.9363941625709801,
    "general": 0.6650386023416208,
    "covid": 0.6564747506684123,
    "syria": 0.6743992111651348,
    "islam": 0.7376764697084577,
    "notredame": 0.739335220583713,
    "gossip": 0.7545096921613366
}