{
    "politics": 0.9371879589769516,
    "general": 0.677564067490957,
    "covid": 0.6539748113270043,
    "syria": 0.6786019126585511,
    "islam": 0.7331871692936595,
    "notredame": 0.7243365340316982,
    "gossip": 0.7457463196270351
}