{
    "politics": 0.4915221266540865,
    "general": 0.46627005845150066,
    "covid": 0.48709916386815777,
    "syria": 0.6443317550393965,
    "islam": 0.6935208510377366,
    "notredame": 0.7188296998107444,
    "gossip": 0.7545096921613366
}