{
    "politics": {
        "politics": 0.937187958976938,
        "general": 0.39004863282378277,
        "covid": 0.40703265287274853,
        "syria": 0.4333011479454994,
        "islam": 0.3973478230175959,
        "notredame": 0.43439091265178215,
        "gossip": 0.44147644487615345
    },
    "general": {
        "politics": 0.41974567172453287,
        "general": 0.9680021644592334,
        "covid": 0.35970815038969056,
        "syria": 0.3710144927536232,
        "islam": 0.4381974769529354,
        "notredame": 0.46544868891237606,
        "gossip": 0.33333333333333326
    },
    "covid": {
        "politics": 0.9049833537610529,
        "general": 0.15362783992872614,
        "covid": 0.9403177480305424,
        "syria": 0.3407407407407407,
        "islam": 0.23816365626710453,
        "notredame": 0.23550404624573423,
        "gossip": 0.33333333333333326
    },
    "syria": {
        "politics": 0.9069588831455051,
        "general": 0.5498865452463212,
        "covid": 0.8909577889892817,
        "syria": 0.4343703703703704,
        "islam": 0.4580830830830831,
        "notredame": 0.4864743948713414,
        "gossip": 0.4868637110016421
    },
    "islam": {
        "politics": 0.9223475000797245,
        "general": 0.653858846932035,
        "covid": 0.8574752622909845,
        "syria": 0.4096358543417367,
        "islam": 0.8518122255821502,
        "notredame": 0.5046337080235385,
        "gossip": 0.49269480519480524
    },
    "notredame": {
        "politics": 0.921611787048492,
        "general": 0.5072312601015091,
        "covid": 0.898890292190804,
        "syria": 0.5307217456401948,
        "islam": 0.7572374943064598,
        "notredame": 0.8448353791143389,
        "gossip": 0.5584102769971898
    },
    "gossip": {
        "politics": 0.9171771544433224,
        "general": 0.7266234013413367,
        "covid": 0.8577660710429578,
        "syria": 0.5371428571428571,
        "islam": 0.8209212376933896,
        "notredame": 0.7871526989174048,
        "gossip": 0.6683750376846548
    }
}