{
    "politics": {
        "politics": 0.9354714293225886,
        "general": 0.4122473659207343,
        "covid": 0.3892615937329418,
        "syria": 0.3821968150265415,
        "islam": 0.33649438036084,
        "notredame": 0.4016896513476541,
        "gossip": 0.40476190476190466
    },
    "general": {
        "politics": 0.41039195006542056,
        "general": 0.9707885546534438,
        "covid": 0.35970815038969056,
        "syria": 0.3710144927536232,
        "islam": 0.4381974769529354,
        "notredame": 0.46544868891237606,
        "gossip": 0.33333333333333326
    },
    "covid": {
        "politics": 0.8850991482969683,
        "general": 0.16464726670989138,
        "covid": 0.9360169909347361,
        "syria": 0.3486647354691801,
        "islam": 0.25307007444930535,
        "notredame": 0.28552851831329357,
        "gossip": 0.3288590604026846
    },
    "syria": {
        "politics": 0.9187523566681132,
        "general": 0.36525480751025413,
        "covid": 0.8954954887428986,
        "syria": 0.4783937455579247,
        "islam": 0.3973478230175959,
        "notredame": 0.2714459232123255,
        "gossip": 0.38095238095238093
    },
    "islam": {
        "politics": 0.9196263872904827,
        "general": 0.7107702230848529,
        "covid": 0.8139848727593905,
        "syria": 0.3883556254917388,
        "islam": 0.8009595226576358,
        "notredame": 0.607381963903703,
        "gossip": 0.5083167695365625
    },
    "notredame": {
        "politics": 0.9223859377723437,
        "general": 0.5401923256794602,
        "covid": 0.8749932944048973,
        "syria": 0.4912466843501327,
        "islam": 0.7992815329441469,
        "notredame": 0.8340263340263341,
        "gossip": 0.62
    },
    "gossip": {
        "politics": 0.9208568084292501,
        "general": 0.7066752977785751,
        "covid": 0.8367116530196922,
        "syria": 0.47285714285714286,
        "islam": 0.8002230037459239,
        "notredame": 0.806502453561277,
        "gossip": 0.7286704853783539
    }
}