{
    "politics": 0.5193618927894231,
    "general": 0.46981220327098405,
    "covid": 0.48101249772789206,
    "syria": 0.6070107187265411,
    "islam": 0.6705190957872541,
    "notredame": 0.7004870008770712,
    "gossip": 0.7457463196270351
}