{
    "politics": 0.9471084717578979,
    "general": 0.8433918089912267,
    "covid": 0.5973900399808011,
    "syria": 0.7137181418980711,
    "islam": 0.5927322242752112,
    "notredame": 0.757859505971802,
    "gossip": 0.7762578404650557
}