{
    "politics": 0.9454410376403894,
    "general": 0.6638981848304235,
    "covid": 0.7387604528996773,
    "syria": 0.6413612160995951,
    "islam": 0.7058434596426116,
    "notredame": 0.7643049612195989,
    "gossip": 0.7631458575085831
}