{
    "politics": {
        "politics": 0.9471084717578871,
        "general": 0.3494074921917893,
        "covid": 0.3849713606128791,
        "syria": 0.43910151468224123,
        "islam": 0.6147760467380721,
        "notredame": 0.33909075930398636,
        "gossip": 0.7083333333333335
    },
    "general": {
        "politics": 0.7258245293199865,
        "general": 0.9708971740520299,
        "covid": 0.35970815038969056,
        "syria": 0.3710144927536232,
        "islam": 0.4381974769529354,
        "notredame": 0.46544868891237606,
        "gossip": 0.33333333333333326
    },
    "covid": {
        "politics": 0.6037452460792115,
        "general": 0.28215158162953,
        "covid": 0.9758095778491658,
        "syria": 0.47498375568551016,
        "islam": 0.26446969696969697,
        "notredame": 0.5373406851667721,
        "gossip": 0.49500617214678483
    },
    "syria": {
        "politics": 0.870040627823381,
        "general": 0.7382557109902188,
        "covid": 0.893636233167213,
        "syria": 0.42424242424242425,
        "islam": 0.6870930793344586,
        "notredame": 0.743617561223195,
        "gossip": 0.6697027324592133
    },
    "islam": {
        "politics": 0.3389198701289485,
        "general": 0.29786812134845464,
        "covid": 0.9390837178420862,
        "syria": 0.34200024041351124,
        "islam": 0.9374156545209177,
        "notredame": 0.6385862173440932,
        "gossip": 0.3967398280066743
    },
    "notredame": {
        "politics": 0.9048298325607155,
        "general": 0.42641433738879375,
        "covid": 0.917736955775049,
        "syria": 0.4757297499066816,
        "islam": 0.9513232868496027,
        "notredame": 0.9077924077924079,
        "gossip": 0.6254681647940075
    },
    "gossip": {
        "politics": 0.9375819400594949,
        "general": 0.6635533311181709,
        "covid": 0.883306713388101,
        "syria": 0.3710144927536232,
        "islam": 0.9292695473251028,
        "notredame": 0.8485685685685684,
        "gossip": 0.797979797979798
    }
}