{
    "politics": {
        "politics": 0.9454410376403785,
        "general": 0.5190381469744492,
        "covid": 0.4228884224652605,
        "syria": 0.4008064647252979,
        "islam": 0.5323808896789344,
        "notredame": 0.3145413018652455,
        "gossip": 0.6440513428972063
    },
    "general": {
        "politics": 0.38854525955805747,
        "general": 0.9711536638288196,
        "covid": 0.35970815038969056,
        "syria": 0.3710144927536232,
        "islam": 0.4381974769529354,
        "notredame": 0.4810030369352403,
        "gossip": 0.33333333333333326
    },
    "covid": {
        "politics": 0.9272807720206102,
        "general": 0.42626053738531533,
        "covid": 0.9743855603411189,
        "syria": 0.4144628099173553,
        "islam": 0.2612445812081632,
        "notredame": 0.6226748899507323,
        "gossip": 0.5280995280995281
    },
    "syria": {
        "politics": 0.9058343465205171,
        "general": 0.25889145139113595,
        "covid": 0.9559672146319763,
        "syria": 0.414494301994302,
        "islam": 0.25002620994643643,
        "notredame": 0.46709607014950527,
        "gossip": 0.4255514705882353
    },
    "islam": {
        "politics": 0.8927356412664891,
        "general": 0.2961862007851065,
        "covid": 0.9222748729968557,
        "syria": 0.4881091617933722,
        "islam": 0.9652309191782877,
        "notredame": 0.5419062679700978,
        "gossip": 0.4761904761904762
    },
    "notredame": {
        "politics": 0.9011643332068453,
        "general": 0.48683601441606494,
        "covid": 0.8992430732246847,
        "syria": 0.5130612736246539,
        "islam": 0.9721442573286999,
        "notredame": 0.9077924077924079,
        "gossip": 0.5444883085332524
    },
    "gossip": {
        "politics": 0.923013005866891,
        "general": 0.7609034266530634,
        "covid": 0.8407889021607085,
        "syria": 0.4104666666666667,
        "islam": 0.8849532644599059,
        "notredame": 0.7844767844767844,
        "gossip": 0.7469379491851401
    }
}