{
    "politics": {
        "politics": 0.9460286969310472,
        "general": 0.5248701846073135,
        "covid": 0.4112666942460442,
        "syria": 0.4530069988684464,
        "islam": 0.5730845262440355,
        "notredame": 0.38174597305924257,
        "gossip": 0.6496847162446201
    },
    "general": {
        "politics": 0.4890374078683289,
        "general": 0.9703018272444032,
        "covid": 0.3607665121815625,
        "syria": 0.3710144927536232,
        "islam": 0.4537768031189084,
        "notredame": 0.4568636433043213,
        "gossip": 0.33333333333333326
    },
    "covid": {
        "politics": 0.8531145609427612,
        "general": 0.12212426596420531,
        "covid": 0.9815111892762866,
        "syria": 0.43999999999999995,
        "islam": 0.25002620994643643,
        "notredame": 0.5951681991269621,
        "gossip": 0.4295634920634921
    },
    "syria": {
        "politics": 0.6958636114536443,
        "general": 0.8782530356899425,
        "covid": 0.8020656638867679,
        "syria": 0.3710144927536232,
        "islam": 0.6484834776087772,
        "notredame": 0.6723834946057168,
        "gossip": 0.5
    },
    "islam": {
        "politics": 0.9088075068348636,
        "general": 0.2969506770309121,
        "covid": 0.9100671199470084,
        "syria": 0.41493118986725125,
        "islam": 0.9372266901231465,
        "notredame": 0.7590139590139591,
        "gossip": 0.4456893501592169
    },
    "notredame": {
        "politics": 0.8356813510559624,
        "general": 0.28453975446416063,
        "covid": 0.9260481128029597,
        "syria": 0.5349514944424806,
        "islam": 0.9166666666666666,
        "notredame": 0.9275921884617536,
        "gossip": 0.5543672014260249
    },
    "gossip": {
        "politics": 0.8432596643336283,
        "general": 0.8125198369278003,
        "covid": 0.8160321132253195,
        "syria": 0.3975994755156589,
        "islam": 0.8773752375237522,
        "notredame": 0.7083930019169716,
        "gossip": 0.8076728413807066
    }
}