{
    "politics": 0.5555128980424211,
    "general": 0.5332053765388645,
    "covid": 0.5370337601318335,
    "syria": 0.7087631344495811,
    "islam": 0.5794902149010848,
    "notredame": 0.7399868662414038,
    "gossip": 0.7762578404650557
}