{
    "politics": 0.5652381101638079,
    "general": 0.4682816172462646,
    "covid": 0.6183508317197143,
    "syria": 0.5579641145859464,
    "islam": 0.662981729511228,
    "notredame": 0.7329210906408616,
    "gossip": 0.7631458575085831
}