{
    "politics": 0.9460286969310582,
    "general": 0.7152635461473387,
    "covid": 0.6427941888825927,
    "syria": 0.6887832281456098,
    "islam": 0.6978553033378236,
    "notredame": 0.7297058221298958,
    "gossip": 0.7535562872954946
}