{
    "politics": 0.5696793064167431,
    "general": 0.4823525208071876,
    "covid": 0.5384157548289883,
    "syria": 0.6595357614020656,
    "islam": 0.6828937443387516,
    "notredame": 0.7106530548678398,
    "gossip": 0.7535562872954946
}