{
    "politics": 0.48245102344725893,
    "general": 0.6095681548417493,
    "covid": 0.640295746992322,
    "syria": 0.6357684262053923,
    "islam": 0.6781810348154524,
    "notredame": 0.7048512629898861,
    "gossip": 0.7062001084328091
}