{
    "politics": 0.48245102344725893,
    "general": 0.6087923881843897,
    "covid": 0.6431357588533168,
    "syria": 0.6375105484635074,
    "islam": 0.6769446270293006,
    "notredame": 0.7037031494724891,
    "gossip": 0.7042496712730634
}