{
    "politics": 0.48245102344725893,
    "general": 0.6097289866215706,
    "covid": 0.6444331309454236,
    "syria": 0.6373045417599891,
    "islam": 0.676739355731933,
    "notredame": 0.7015103848286074,
    "gossip": 0.7031181047367109
}