{
    "politics": 0.9170578092058005,
    "general": 0.7920239493529321,
    "covid": 0.8018957313023937,
    "syria": 0.7222881526104791,
    "islam": 0.7379109946686604,
    "notredame": 0.7305645728859468,
    "gossip": 0.7042496712730634
}