{
    "politics": 0.9170578092058005,
    "general": 0.7917760529833264,
    "covid": 0.8028183482357758,
    "syria": 0.7205983827879329,
    "islam": 0.7415846062394895,
    "notredame": 0.7319138034430561,
    "gossip": 0.7062001084328091
}