{
    "politics": {
        "politics": 0.917057809205782,
        "general": 0.2816906322555636,
        "covid": 0.4604316771643219,
        "syria": 0.3654714475431607,
        "islam": 0.34979204524327856,
        "notredame": 0.27616841331127046,
        "gossip": 0.3710691823899371
    },
    "general": {
        "politics": 0.9101494620406286,
        "general": 0.7659408865989409,
        "covid": 0.539629216420197,
        "syria": 0.3710144927536232,
        "islam": 0.5374154589371981,
        "notredame": 0.49656104508984733,
        "gossip": 0.40476190476190466
    },
    "covid": {
        "politics": 0.90949738815861,
        "general": 0.7603558660014587,
        "covid": 0.8425397532190108,
        "syria": 0.3710144927536232,
        "islam": 0.5135257806826434,
        "notredame": 0.46709607014950527,
        "gossip": 0.40476190476190466
    },
    "syria": {
        "politics": 0.9099501029472148,
        "general": 0.7576839403171558,
        "covid": 0.8435280773846483,
        "syria": 0.3852429962766044,
        "islam": 0.5031241906241907,
        "notredame": 0.4477177454276691,
        "gossip": 0.40476190476190466
    },
    "islam": {
        "politics": 0.9100563369157879,
        "general": 0.758554541741921,
        "covid": 0.8435588959446635,
        "syria": 0.3852429962766044,
        "islam": 0.7928960136375558,
        "notredame": 0.4477177454276691,
        "gossip": 0.40476190476190466
    },
    "notredame": {
        "politics": 0.9098357307342407,
        "general": 0.7579742780066231,
        "covid": 0.8439911103334508,
        "syria": 0.39756097560975606,
        "islam": 0.7931363903586125,
        "notredame": 0.679769605671245,
        "gossip": 0.40476190476190466
    },
    "gossip": {
        "politics": 0.9096101860945809,
        "general": 0.7576839403171558,
        "covid": 0.8468624395911173,
        "syria": 0.4028570077101367,
        "islam": 0.800118055895187,
        "notredame": 0.679769605671245,
        "gossip": 0.40476190476190466
    }
}