{
    "politics": {
        "politics": 0.917057809205782,
        "general": 0.2816906322555636,
        "covid": 0.4604316771643219,
        "syria": 0.3654714475431607,
        "islam": 0.34979204524327856,
        "notredame": 0.27616841331127046,
        "gossip": 0.3710691823899371
    },
    "general": {
        "politics": 0.9099860264432073,
        "general": 0.7656548269987471,
        "covid": 0.5386517837586687,
        "syria": 0.3710144927536232,
        "islam": 0.5435707073148461,
        "notredame": 0.49656104508984733,
        "gossip": 0.40476190476190466
    },
    "covid": {
        "politics": 0.909168885030329,
        "general": 0.7605811537977759,
        "covid": 0.8453490000546914,
        "syria": 0.3710144927536232,
        "islam": 0.49479006282988386,
        "notredame": 0.4602307993612342,
        "gossip": 0.40476190476190466
    },
    "syria": {
        "politics": 0.909628156184759,
        "general": 0.7576180110769105,
        "covid": 0.8443274547529616,
        "syria": 0.3726724364017833,
        "islam": 0.49479006282988386,
        "notredame": 0.4477177454276691,
        "gossip": 0.40476190476190466
    },
    "islam": {
        "politics": 0.9095709828201695,
        "general": 0.756745558937457,
        "covid": 0.8448859567676985,
        "syria": 0.4096358543417367,
        "islam": 0.799653034409132,
        "notredame": 0.43498953498953496,
        "gossip": 0.40476190476190466
    },
    "notredame": {
        "politics": 0.9100072769516052,
        "general": 0.7575518129422981,
        "covid": 0.8453490000546914,
        "syria": 0.4144628099173553,
        "islam": 0.7999256987048398,
        "notredame": 0.6798391544935324,
        "gossip": 0.40476190476190466
    },
    "gossip": {
        "politics": 0.9101070087215472,
        "general": 0.7593882456542457,
        "covid": 0.8448543772928806,
        "syria": 0.4074074074074074,
        "islam": 0.7999256987048398,
        "notredame": 0.6887242009193228,
        "gossip": 0.4233836339099497
    }
}