{
    "politics": 0.9170578092058005,
    "general": 0.7916542552259997,
    "covid": 0.8026012334850587,
    "syria": 0.721919016474981,
    "islam": 0.7375863222858375,
    "notredame": 0.7278752249590295,
    "gossip": 0.7031181047367109
}