{
    "politics": {
        "politics": 0.917057809205782,
        "general": 0.2816906322555636,
        "covid": 0.4604316771643219,
        "syria": 0.3654714475431607,
        "islam": 0.34979204524327856,
        "notredame": 0.27616841331127046,
        "gossip": 0.3710691823899371
    },
    "general": {
        "politics": 0.9100955324937631,
        "general": 0.7653686330900736,
        "covid": 0.5400376309087124,
        "syria": 0.3710144927536232,
        "islam": 0.5435707073148461,
        "notredame": 0.49656104508984733,
        "gossip": 0.40476190476190466
    },
    "covid": {
        "politics": 0.9093911919966877,
        "general": 0.7604194125008725,
        "covid": 0.8448859567676985,
        "syria": 0.3710144927536232,
        "islam": 0.5173206423206422,
        "notredame": 0.4725370531822145,
        "gossip": 0.40476190476190466
    },
    "syria": {
        "politics": 0.9098422449335017,
        "general": 0.7568783770860081,
        "covid": 0.8434655385005677,
        "syria": 0.3852429962766044,
        "islam": 0.5006356161419452,
        "notredame": 0.4477177454276691,
        "gossip": 0.40476190476190466
    },
    "islam": {
        "politics": 0.9097818029446078,
        "general": 0.7576839403171558,
        "covid": 0.8434655385005677,
        "syria": 0.3852429962766044,
        "islam": 0.7928960136375558,
        "notredame": 0.4477177454276691,
        "gossip": 0.40476190476190466
    },
    "notredame": {
        "politics": 0.9097768938753787,
        "general": 0.7568121026740984,
        "covid": 0.8434655385005677,
        "syria": 0.3852429962766044,
        "islam": 0.7861274710293116,
        "notredame": 0.679769605671245,
        "gossip": 0.40476190476190466
    },
    "gossip": {
        "politics": 0.9097163902441308,
        "general": 0.758554541741921,
        "covid": 0.8449789047096244,
        "syria": 0.3852429962766044,
        "islam": 0.7928960136375558,
        "notredame": 0.6707579848893981,
        "gossip": 0.4233836339099497
    }
}