{
    "politics": 0.9455680239795846,
    "general": 0.9693590281093046,
    "covid": 0.9777230392519035,
    "syria": 0.5125928167114204,
    "islam": 0.9510078662733529,
    "notredame": 0.8587274412410019,
    "gossip": 0.8286117552172598
}