{
    "politics": {
        "mean": 0.5044180669720452,
        "std": 0.0038638200806536674
    },
    "general": {
        "mean": 0.9583422477913176,
        "std": 0.0014419540936813355
    },
    "covid": {
        "mean": 0.5010437864048292,
        "std": 0.011326674094043247
    },
    "syria": {
        "mean": 0.5040556445056678,
        "std": 0.033614682971678064
    },
    "islam": {
        "mean": 0.5208885069682734,
        "std": 0.04005583805768331
    },
    "notredame": {
        "mean": 0.522708843523197,
        "std": 0.04607783989416962
    },
    "gossip": {
        "mean": 0.4995854349325504,
        "std": 0.04992648941001378
    }
}