{
    "mean": 0.5232815976425341,
    "std": 0.011682197498810746
}