{
    "politics": 0.794423061054424,
    "general": 0.5120171006272309,
    "covid": 0.8460980455378,
    "syria": 0.8455947886560542,
    "islam": 0.8538236503610476,
    "notredame": 0.856989722498653,
    "gossip": 0.8485444610606148
}