{
    "politics": 0.4600028159823073,
    "general": 0.5158966297570521,
    "covid": 0.652162993692665,
    "syria": 0.6337300972878304,
    "islam": 0.6989728667662443,
    "notredame": 0.7313844378815528,
    "gossip": 0.7644933947912895
}