{
    "politics": {
        "politics": 0.9338200262208595,
        "general": 0.1997617555297198,
        "covid": 0.43141329658828853,
        "syria": 0.44943589743589746,
        "islam": 0.3913568699138378,
        "notredame": 0.30265400535670806,
        "gossip": 0.3710691823899371
    },
    "general": {
        "politics": 0.45820613763993046,
        "general": 0.9660723156891883,
        "covid": 0.4792617656149144,
        "syria": 0.3710144927536232,
        "islam": 0.5297459893048129,
        "notredame": 0.47098847098847096,
        "gossip": 0.35031185031185025
    },
    "covid": {
        "politics": 0.892931842855251,
        "general": 0.6526235708771935,
        "covid": 0.9374203153256808,
        "syria": 0.5370795107033639,
        "islam": 0.49216071051305804,
        "notredame": 0.5666549666549666,
        "gossip": 0.5146154675870995
    },
    "syria": {
        "politics": 0.8919092706382465,
        "general": 0.6387021333211815,
        "covid": 0.9359957998738282,
        "syria": 0.5080083795802859,
        "islam": 0.4605463719209012,
        "notredame": 0.5666549666549666,
        "gossip": 0.5086799868981331
    },
    "islam": {
        "politics": 0.8948673098323333,
        "general": 0.674599810593202,
        "covid": 0.9369440102460678,
        "syria": 0.4965001335826877,
        "islam": 0.9161625327687033,
        "notredame": 0.5585585585585585,
        "gossip": 0.5104039167686659
    },
    "notredame": {
        "politics": 0.8993922411271724,
        "general": 0.6765898924370434,
        "covid": 0.9350690945041396,
        "syria": 0.5352813852813854,
        "islam": 0.8481237433342075,
        "notredame": 0.7985566552467961,
        "gossip": 0.5279146141215106
    },
    "gossip": {
        "politics": 0.8636777650322144,
        "general": 0.8071202972923094,
        "covid": 0.9307344569183899,
        "syria": 0.5387773550792874,
        "islam": 0.8611111111111112,
        "notredame": 0.795550056184519,
        "gossip": 0.6471418489767115
    }
}