{
    "politics": {
        "politics": 0.9335514413199946,
        "general": 0.1866995800948144,
        "covid": 0.4191039604879038,
        "syria": 0.47369420702754034,
        "islam": 0.38535839888011103,
        "notredame": 0.30265400535670806,
        "gossip": 0.3551783129359126
    },
    "general": {
        "politics": 0.45403497246778857,
        "general": 0.9672834870216092,
        "covid": 0.477017924602645,
        "syria": 0.3710144927536232,
        "islam": 0.5377129750982962,
        "notredame": 0.4637679609989736,
        "gossip": 0.35031185031185025
    },
    "covid": {
        "politics": 0.8897937486734415,
        "general": 0.6450566967092125,
        "covid": 0.9388488638551111,
        "syria": 0.5178751745622516,
        "islam": 0.4972100951302989,
        "notredame": 0.5666549666549666,
        "gossip": 0.47252747252747246
    },
    "syria": {
        "politics": 0.8887482133049172,
        "general": 0.6376931391384503,
        "covid": 0.9378965588511164,
        "syria": 0.5209999630737417,
        "islam": 0.44616094183879185,
        "notredame": 0.5566231978507695,
        "gossip": 0.5086799868981331
    },
    "islam": {
        "politics": 0.8930849042249231,
        "general": 0.6760100843316544,
        "covid": 0.9378922206183073,
        "syria": 0.5130612736246539,
        "islam": 0.9025049006504501,
        "notredame": 0.5878071053509649,
        "gossip": 0.5160127690248172
    },
    "notredame": {
        "politics": 0.896973808109266,
        "general": 0.6810891612203716,
        "covid": 0.9355450166315388,
        "syria": 0.5277941176470587,
        "islam": 0.8617146180349814,
        "notredame": 0.8070595159202755,
        "gossip": 0.5123975516132379
    },
    "gossip": {
        "politics": 0.8635289770288949,
        "general": 0.8025619087799987,
        "covid": 0.9317004044303815,
        "syria": 0.509684405940594,
        "islam": 0.87464915797915,
        "notredame": 0.795550056184519,
        "gossip": 0.6683750376846548
    }
}