{
    "politics": {
        "politics": 0.9338236361178471,
        "general": 0.18923678985238235,
        "covid": 0.43000980534267097,
        "syria": 0.45185185185185184,
        "islam": 0.38065843621399176,
        "notredame": 0.30265400535670806,
        "gossip": 0.3551783129359126
    },
    "general": {
        "politics": 0.4525417078443017,
        "general": 0.9672834870216092,
        "covid": 0.4813139359967275,
        "syria": 0.3710144927536232,
        "islam": 0.542433216420709,
        "notredame": 0.4637679609989736,
        "gossip": 0.35031185031185025
    },
    "covid": {
        "politics": 0.8939094763440574,
        "general": 0.6443589060822797,
        "covid": 0.9364630320913432,
        "syria": 0.5357600269632626,
        "islam": 0.4889277389277389,
        "notredame": 0.5684099684099684,
        "gossip": 0.5225694444444444
    },
    "syria": {
        "politics": 0.8921314182983054,
        "general": 0.6589310874135049,
        "covid": 0.9331364310491504,
        "syria": 0.5315826253264188,
        "islam": 0.4793494152046784,
        "notredame": 0.56020719916149,
        "gossip": 0.5586380832282472
    },
    "islam": {
        "politics": 0.8943816700812688,
        "general": 0.6812974676593927,
        "covid": 0.9354948264064715,
        "syria": 0.5433255269320844,
        "islam": 0.8956927575348629,
        "notredame": 0.5698856751488331,
        "gossip": 0.4868637110016421
    },
    "notredame": {
        "politics": 0.8944933865820168,
        "general": 0.6698038029639174,
        "covid": 0.9345615386233191,
        "syria": 0.5204444444444445,
        "islam": 0.8820911993988917,
        "notredame": 0.7985566552467961,
        "gossip": 0.5039272426622571
    },
    "gossip": {
        "politics": 0.8566943725858401,
        "general": 0.8046800727856216,
        "covid": 0.9297259413565859,
        "syria": 0.5133155133155133,
        "islam": 0.8814281924548323,
        "notredame": 0.795550056184519,
        "gossip": 0.6683750376846548
    }
}