{
    "politics": 0.4783444303809242,
    "general": 0.5007963901813274,
    "covid": 0.5293020986102409,
    "syria": 0.5958751085404097,
    "islam": 0.6961822778375595,
    "notredame": 0.7260019944663126,
    "gossip": 0.7576169066452442
}