{
    "politics": {
        "politics": 0.9338404010488868,
        "general": 0.1808816079049199,
        "covid": 0.4211208397017444,
        "syria": 0.47557454962621176,
        "islam": 0.37440965742852533,
        "notredame": 0.30265400535670806,
        "gossip": 0.3551783129359126
    },
    "general": {
        "politics": 0.45502763966534815,
        "general": 0.9664815180381038,
        "covid": 0.48276601502063643,
        "syria": 0.3710144927536232,
        "islam": 0.5499817903838804,
        "notredame": 0.47732475248398815,
        "gossip": 0.35031185031185025
    },
    "covid": {
        "politics": 0.8938057295434897,
        "general": 0.6479859523341509,
        "covid": 0.9374158870929249,
        "syria": 0.5309055752497582,
        "islam": 0.4635500463166107,
        "notredame": 0.5585585585585585,
        "gossip": 0.5086799868981331
    },
    "syria": {
        "politics": 0.8917895665739615,
        "general": 0.6396052316573507,
        "covid": 0.9374203153256808,
        "syria": 0.4974873509990568,
        "islam": 0.4283674164962508,
        "notredame": 0.5666549666549666,
        "gossip": 0.5086799868981331
    },
    "islam": {
        "politics": 0.8946002284463359,
        "general": 0.6771284604762824,
        "covid": 0.9378877694643347,
        "syria": 0.503410463711551,
        "islam": 0.8953778168719109,
        "notredame": 0.5878071053509649,
        "gossip": 0.49541756770672435
    },
    "notredame": {
        "politics": 0.8983728875881752,
        "general": 0.6724768695392305,
        "covid": 0.9360002705717612,
        "syria": 0.5396993810786913,
        "islam": 0.875297619047619,
        "notredame": 0.8056256883843091,
        "gossip": 0.49541756770672435
    },
    "gossip": {
        "politics": 0.8653523544527102,
        "general": 0.8011806973130092,
        "covid": 0.9311743642588424,
        "syria": 0.491804990082472,
        "islam": 0.8817851252061778,
        "notredame": 0.795550056184519,
        "gossip": 0.6884735202492211
    }
}