{
    "politics": 0.47334813610397486,
    "general": 0.5384791126089932,
    "covid": 0.6611510545413603,
    "syria": 0.6543917309504438,
    "islam": 0.722953371568072,
    "notredame": 0.7400570994160307,
    "gossip": 0.7681958628123865
}