{
    "politics": {
        "politics": 0.9466666666666667,
        "general": 0.24242533936651586,
        "covid": 0.41265432098765437,
        "syria": 0.5066666666666667,
        "islam": 0.4674157381810059,
        "notredame": 0.28552851831329357,
        "gossip": 0.3197278911564626
    },
    "general": {
        "politics": 0.48777282392482335,
        "general": 0.9701010101010102,
        "covid": 0.429902354745404,
        "syria": 0.3633770014556041,
        "islam": 0.4381974769529354,
        "notredame": 0.4568636433043213,
        "gossip": 0.3551783129359126
    },
    "covid": {
        "politics": 0.8482494004796163,
        "general": 0.22523287178565005,
        "covid": 0.9666889136077123,
        "syria": 0.4613460925039873,
        "islam": 0.34562596968612014,
        "notredame": 0.29287398429431594,
        "gossip": 0.3710691823899371
    },
    "syria": {
        "politics": 0.8944917043740573,
        "general": 0.4366366366366366,
        "covid": 0.9666770596706903,
        "syria": 0.5583428981348637,
        "islam": 0.38065843621399176,
        "notredame": 0.30408292908292905,
        "gossip": 0.47862356621480706
    },
    "islam": {
        "politics": 0.913458068310197,
        "general": 0.5893333333333334,
        "covid": 0.953264518819727,
        "syria": 0.5080673758865248,
        "islam": 0.8956927575348629,
        "notredame": 0.42738283496262225,
        "gossip": 0.5008680555555556
    },
    "notredame": {
        "politics": 0.8810509031198687,
        "general": 0.5626358190456517,
        "covid": 0.9666770596706903,
        "syria": 0.5802801120448179,
        "islam": 0.8345091122868901,
        "notredame": 0.7912841332274461,
        "gossip": 0.52
    },
    "gossip": {
        "politics": 0.8905945665564416,
        "general": 0.7320974576271186,
        "covid": 0.9599642857142858,
        "syria": 0.5221225937183385,
        "islam": 0.8674785680377537,
        "notredame": 0.7513242565874145,
        "gossip": 0.6398559423769509
    }
}