{
    "politics": 0.45493159511826303,
    "general": 0.5198485347867216,
    "covid": 0.6445220896727014,
    "syria": 0.6287385092591958,
    "islam": 0.7022074575830243,
    "notredame": 0.7313844719660187,
    "gossip": 0.7672702829233279
}