{
    "politics": 0.48502766871139297,
    "general": 0.48781644403634733,
    "covid": 0.5288341265001835,
    "syria": 0.5836559732638567,
    "islam": 0.691032892477414,
    "notredame": 0.7208965018945428,
    "gossip": 0.7510143218050059
}