{
    "politics": {
        "politics": 0.9340351747122638,
        "general": 0.1948318402121815,
        "covid": 0.42802734410424176,
        "syria": 0.45185185185185184,
        "islam": 0.3759481830762134,
        "notredame": 0.30265400535670806,
        "gossip": 0.3551783129359126
    },
    "general": {
        "politics": 0.44804016224790516,
        "general": 0.9670968190554975,
        "covid": 0.47223458938949975,
        "syria": 0.3710144927536232,
        "islam": 0.542433216420709,
        "notredame": 0.4775566246154481,
        "gossip": 0.35031185031185025
    },
    "covid": {
        "politics": 0.8952722837958156,
        "general": 0.673637098743999,
        "covid": 0.9374203153256808,
        "syria": 0.5161481481481481,
        "islam": 0.4912773793370808,
        "notredame": 0.5646172488277752,
        "gossip": 0.5146154675870995
    },
    "syria": {
        "politics": 0.8930412159588615,
        "general": 0.6726834620763428,
        "covid": 0.9350521264320836,
        "syria": 0.5277941176470587,
        "islam": 0.4793494152046784,
        "notredame": 0.5543970626457421,
        "gossip": 0.5586380832282472
    },
    "islam": {
        "politics": 0.8956769664914948,
        "general": 0.6936969653607232,
        "covid": 0.9331511687571095,
        "syria": 0.5179199514857489,
        "islam": 0.9161625327687033,
        "notredame": 0.5385261855181479,
        "gossip": 0.5601023017902814
    },
    "notredame": {
        "politics": 0.8959936164375284,
        "general": 0.6882142742301809,
        "covid": 0.93220295838487,
        "syria": 0.5144032921810701,
        "islam": 0.8617146180349814,
        "notredame": 0.8168696865879964,
        "gossip": 0.5039272426622571
    },
    "gossip": {
        "politics": 0.8592542180822944,
        "general": 0.8161341627389602,
        "covid": 0.9287906447114036,
        "syria": 0.5232288698955365,
        "islam": 0.8882167103582711,
        "notredame": 0.7853502482073911,
        "gossip": 0.665958092924385
    }
}