{
    "politics": {
        "politics": 0.933226540572161,
        "general": 0.19922481142348641,
        "covid": 0.4282747166072097,
        "syria": 0.45920384718140533,
        "islam": 0.3913568699138378,
        "notredame": 0.30265400535670806,
        "gossip": 0.3551783129359126
    },
    "general": {
        "politics": 0.45946624495195376,
        "general": 0.9662768250838125,
        "covid": 0.4771011784253044,
        "syria": 0.3710144927536232,
        "islam": 0.542433216420709,
        "notredame": 0.47098847098847096,
        "gossip": 0.35031185031185025
    },
    "covid": {
        "politics": 0.8901081121244309,
        "general": 0.6526843186467676,
        "covid": 0.9388488638551111,
        "syria": 0.5390313390313389,
        "islam": 0.5006356161419452,
        "notredame": 0.5464763008622657,
        "gossip": 0.5146154675870995
    },
    "syria": {
        "politics": 0.8908943213921368,
        "general": 0.6498625759826099,
        "covid": 0.9369609408617695,
        "syria": 0.5155790711346266,
        "islam": 0.4721005084929135,
        "notredame": 0.5464763008622657,
        "gossip": 0.5008680555555556
    },
    "islam": {
        "politics": 0.8932447772062881,
        "general": 0.6814181284291018,
        "covid": 0.938840430990547,
        "syria": 0.49455337690631807,
        "islam": 0.8953778168719109,
        "notredame": 0.5698856751488331,
        "gossip": 0.5219204557013528
    },
    "notredame": {
        "politics": 0.8971353890678209,
        "general": 0.6773750731297514,
        "covid": 0.9350565453344979,
        "syria": 0.5207548093996057,
        "islam": 0.8617146180349814,
        "notredame": 0.8083260565530069,
        "gossip": 0.5279146141215106
    },
    "gossip": {
        "politics": 0.8639785852819378,
        "general": 0.802292684740594,
        "covid": 0.9307159764214412,
        "syria": 0.53379641998397,
        "islam": 0.87464915797915,
        "notredame": 0.8056256883843091,
        "gossip": 0.6471418489767115
    }
}