{
    "politics": 0.7945227646318852,
    "general": 0.5027155882843323,
    "covid": 0.8524851429157018,
    "syria": 0.8501113936955069,
    "islam": 0.8569903279408984,
    "notredame": 0.8570920038141896,
    "gossip": 0.8468032846076096
}