{
    "politics": 0.4730053828020014,
    "general": 0.5417286644557118,
    "covid": 0.6703689641899296,
    "syria": 0.6607453851274264,
    "islam": 0.7194731116550729,
    "notredame": 0.7423403642195635,
    "gossip": 0.7671306946282466
}