{
    "politics": {
        "politics": 0.9331209395302348,
        "general": 0.29152,
        "covid": 0.4309845077461269,
        "syria": 0.48700926955876894,
        "islam": 0.4717825494205863,
        "notredame": 0.27616841331127046,
        "gossip": 0.3658041603247082
    },
    "general": {
        "politics": 0.4581466113416321,
        "general": 0.9701010101010102,
        "covid": 0.39251463399915515,
        "syria": 0.3633770014556041,
        "islam": 0.4381974769529354,
        "notredame": 0.46118028140500045,
        "gossip": 0.33333333333333326
    },
    "covid": {
        "politics": 0.8482494004796163,
        "general": 0.25606395952843397,
        "covid": 0.9600213675213676,
        "syria": 0.4490072639225181,
        "islam": 0.3577107049329271,
        "notredame": 0.27616841331127046,
        "gossip": 0.35031185031185025
    },
    "syria": {
        "politics": 0.8813031674208147,
        "general": 0.4120203735144312,
        "covid": 0.9666532851599089,
        "syria": 0.5269825732295144,
        "islam": 0.38535839888011103,
        "notredame": 0.3145413018652455,
        "gossip": 0.45238095238095233
    },
    "islam": {
        "politics": 0.9191337386018237,
        "general": 0.5662541806020067,
        "covid": 0.953264518819727,
        "syria": 0.5026315208303755,
        "islam": 0.9030092592592592,
        "notredame": 0.42057025944303195,
        "gossip": 0.49304282170208175
    },
    "notredame": {
        "politics": 0.8864919900985474,
        "general": 0.5557997432605905,
        "covid": 0.9666532851599089,
        "syria": 0.5733333333333334,
        "islam": 0.8277854972128776,
        "notredame": 0.7871138491828147,
        "gossip": 0.4851994851994852
    },
    "gossip": {
        "politics": 0.8615963557140027,
        "general": 0.7387310515124494,
        "covid": 0.9465521560207548,
        "syria": 0.5251160158460667,
        "islam": 0.875,
        "notredame": 0.7061047061047061,
        "gossip": 0.6598639455782314
    }
}