{
    "mean": 0.5571173946864313,
    "std": 0.014521829849992982
}