{
    "politics": 0.9250405248722731,
    "general": 0.94411817962432,
    "covid": 0.8861709039212887,
    "syria": 0.5502178861788618,
    "islam": 0.7475372537253726,
    "notredame": 0.7026182635411186,
    "gossip": 0.5086799868981331
}