{
    "politics": 0.9436049244371462,
    "general": 0.5844698752754404,
    "covid": 0.6752393267435455,
    "syria": 0.6195957185600662,
    "islam": 0.6752776736076893,
    "notredame": 0.7074724371865646,
    "gossip": 0.6863340828230495
}