{
    "politics": 0.5292226903640396,
    "general": 0.5309095383493029,
    "covid": 0.5407854420382548,
    "syria": 0.5566157411405767,
    "islam": 0.5667823064863972,
    "notredame": 0.6316161208533891,
    "gossip": 0.6498940698257676
}