{
    "politics": 0.9431673892124738,
    "general": 0.6659078946760913,
    "covid": 0.6651262916908003,
    "syria": 0.5998333744307989,
    "islam": 0.6534884415027613,
    "notredame": 0.6915742453369933,
    "gossip": 0.6777440260427314
}