{
    "politics": {
        "politics": 0.943167389212462,
        "general": 0.2250071400296625,
        "covid": 0.4990174737896438,
        "syria": 0.48898128898128895,
        "islam": 0.43204003947149505,
        "notredame": 0.2977753263467549,
        "gossip": 0.5442708333333334
    },
    "general": {
        "politics": 0.3948438791797501,
        "general": 0.9709428156257239,
        "covid": 0.35949440573814273,
        "syria": 0.3710144927536232,
        "islam": 0.4836647952548609,
        "notredame": 0.46544868891237606,
        "gossip": 0.33333333333333326
    },
    "covid": {
        "politics": 0.9283080656984266,
        "general": 0.11875288716383847,
        "covid": 0.9687101576628404,
        "syria": 0.40012449424214136,
        "islam": 0.232379767827529,
        "notredame": 0.27240130719283784,
        "gossip": 0.3453985367731998
    },
    "syria": {
        "politics": 0.9272207214491659,
        "general": 0.15303934996865737,
        "covid": 0.9236522368717252,
        "syria": 0.4306192533510579,
        "islam": 0.30612344508283595,
        "notredame": 0.31938223938223936,
        "gossip": 0.5280995280995281
    },
    "islam": {
        "politics": 0.9273311022601203,
        "general": 0.09152401617974751,
        "covid": 0.8785260818576902,
        "syria": 0.3202354131224424,
        "islam": 0.9515548792222717,
        "notredame": 0.25418614102824627,
        "gossip": 0.3710691823899371
    },
    "notredame": {
        "politics": 0.9268053533667288,
        "general": 0.08436366910530871,
        "covid": 0.9388781568210274,
        "syria": 0.296969696969697,
        "islam": 0.9021896215634873,
        "notredame": 0.8481315809560084,
        "gossip": 0.37629937629937626
    },
    "gossip": {
        "politics": 0.9172754748259268,
        "general": 0.36305744437084736,
        "covid": 0.8397010435093679,
        "syria": 0.39659385412810066,
        "islam": 0.8141829795055602,
        "notredame": 0.764883764883765,
        "gossip": 0.6009060511271707
    }
}