{
    "politics": {
        "politics": 0.9436049244371345,
        "general": 0.21653156252849778,
        "covid": 0.4164425043531158,
        "syria": 0.4187363834422658,
        "islam": 0.5255362869539439,
        "notredame": 0.23295458724030155,
        "gossip": 0.5889724310776943
    },
    "general": {
        "politics": 0.9392385672416582,
        "general": 0.2786098960707616,
        "covid": 0.3718842970020791,
        "syria": 0.42101806239737277,
        "islam": 0.6073232323232323,
        "notredame": 0.3298144480177577,
        "gossip": 0.5495946351716544
    },
    "covid": {
        "politics": 0.933645776713845,
        "general": 0.18767376586105264,
        "covid": 0.9492595611507737,
        "syria": 0.4646470646470647,
        "islam": 0.5028483565234926,
        "notredame": 0.267987987987988,
        "gossip": 0.5829518868884143
    },
    "syria": {
        "politics": 0.9410098292176318,
        "general": 0.21898950464331113,
        "covid": 0.8816142439151631,
        "syria": 0.46430976430976434,
        "islam": 0.5822078590263039,
        "notredame": 0.376855728968405,
        "gossip": 0.5495946351716544
    },
    "islam": {
        "politics": 0.9285937754838116,
        "general": 0.13970010734645724,
        "covid": 0.9299287379189825,
        "syria": 0.47681417681417676,
        "islam": 0.9158549783549783,
        "notredame": 0.28552851831329357,
        "gossip": 0.5174503422735944
    },
    "notredame": {
        "politics": 0.8844768736881321,
        "general": 0.19670341293115434,
        "covid": 0.9334814188605236,
        "syria": 0.49648923012869967,
        "islam": 0.9161625327687033,
        "notredame": 0.8568750568750568,
        "gossip": 0.4643874643874644
    },
    "gossip": {
        "politics": 0.9112414219049636,
        "general": 0.4562174787760776,
        "covid": 0.7826631495697098,
        "syria": 0.3626666666666667,
        "islam": 0.8009749113716934,
        "notredame": 0.7844767844767844,
        "gossip": 0.6767676767676767
    }
}