{
    "politics": {
        "politics": 0.9411150943587884,
        "general": 0.17430532260508005,
        "covid": 0.41069120533053566,
        "syria": 0.5433255269320844,
        "islam": 0.7313921168214453,
        "notredame": 0.31986647176520594,
        "gossip": 0.5305164319248825
    },
    "general": {
        "politics": 0.9355946655372466,
        "general": 0.2515067614728469,
        "covid": 0.3461660516548832,
        "syria": 0.531819402355288,
        "islam": 0.6870782726045884,
        "notredame": 0.3594264282484791,
        "gossip": 0.5689655172413793
    },
    "covid": {
        "politics": 0.9359871499809198,
        "general": 0.1260352679912965,
        "covid": 0.9293772946496517,
        "syria": 0.4770565775772301,
        "islam": 0.5191441441441441,
        "notredame": 0.267987987987988,
        "gossip": 0.4350282485875706
    },
    "syria": {
        "politics": 0.9364472114897257,
        "general": 0.15758733950631615,
        "covid": 0.7411005494265748,
        "syria": 0.49774464119291706,
        "islam": 0.6592791308308549,
        "notredame": 0.3092030678237575,
        "gossip": 0.5024875621890547
    },
    "islam": {
        "politics": 0.9381336745785928,
        "general": 0.08288741444812847,
        "covid": 0.84888338490253,
        "syria": 0.3526208304969367,
        "islam": 0.868506100746166,
        "notredame": 0.2901701701701702,
        "gossip": 0.35031185031185025
    },
    "notredame": {
        "politics": 0.9385175256506615,
        "general": 0.09137076973806703,
        "covid": 0.8698843437531187,
        "syria": 0.30460864101031465,
        "islam": 0.9021896215634873,
        "notredame": 0.7151033386327504,
        "gossip": 0.3551783129359126
    },
    "gossip": {
        "politics": 0.9358642093845083,
        "general": 0.20849514573409983,
        "covid": 0.8014493800285815,
        "syria": 0.3906015193656856,
        "islam": 0.8732635342185904,
        "notredame": 0.7316407316407317,
        "gossip": 0.5091164095371669
    }
}