{
    "politics": 0.9411150943588001,
    "general": 0.5737517686201999,
    "covid": 0.656635899315807,
    "syria": 0.5829388101301743,
    "islam": 0.6337075594067612,
    "notredame": 0.6599884528056236,
    "gossip": 0.6498940698257676
}