{
    "politics": 0.4903479825165536,
    "general": 0.5178661657720455,
    "covid": 0.5662558311293636,
    "syria": 0.5793935497634927,
    "islam": 0.6161948204494334,
    "notredame": 0.6800869397775519,
    "gossip": 0.6863340828230495
}