{
    "politics": 0.49620500631766107,
    "general": 0.473226563875962,
    "covid": 0.4936635884447539,
    "syria": 0.5257687355309845,
    "islam": 0.5767957913545655,
    "notredame": 0.6605593947113375,
    "gossip": 0.6777440260427314
}