{
    "politics": 0.9200683523010963,
    "general": 0.9076901853107763,
    "covid": 0.9099413210194381,
    "syria": 0.4892255892255893,
    "islam": 0.830246913580247,
    "notredame": 0.7315783315783316,
    "gossip": 0.5099509950995099
}