{
    "politics": 0.4447372269809077,
    "general": 0.4649177603365348,
    "covid": 0.36681791512652856,
    "syria": 0.6509546505155225,
    "islam": 0.6216959519927774,
    "notredame": 0.6333976443880692,
    "gossip": 0.6659024906983741
}