{
    "politics": {
        "politics": 0.9433054532763661,
        "general": 0.23068167954963864,
        "covid": 0.42491138214097257,
        "syria": 0.5045098653304103,
        "islam": 0.45679637127005546,
        "notredame": 0.25906988069150233,
        "gossip": 0.48717948717948717
    },
    "general": {
        "politics": 0.38695358986874323,
        "general": 0.9716674509381278,
        "covid": 0.3607665121815625,
        "syria": 0.3710144927536232,
        "islam": 0.4381974769529354,
        "notredame": 0.46544868891237606,
        "gossip": 0.33333333333333326
    },
    "covid": {
        "politics": 0.9004053728502446,
        "general": 0.05835507187339473,
        "covid": 0.9748916874271061,
        "syria": 0.5064887810794421,
        "islam": 0.23528602860286027,
        "notredame": 0.2901701701701702,
        "gossip": 0.33333333333333326
    },
    "syria": {
        "politics": 0.8272623432194097,
        "general": 0.6479871102020226,
        "covid": 0.8899435920777088,
        "syria": 0.4040388145816942,
        "islam": 0.6554699446490492,
        "notredame": 0.45155870155870154,
        "gossip": 0.41976790716286516
    },
    "islam": {
        "politics": 0.7846835757398054,
        "general": 0.13626720719572513,
        "covid": 0.7931416946339905,
        "syria": 0.296969696969697,
        "islam": 0.9227129672044927,
        "notredame": 0.30751225621134604,
        "gossip": 0.38557993730407525
    },
    "notredame": {
        "politics": 0.7667218656050483,
        "general": 0.21662589278259817,
        "covid": 0.9048183091282598,
        "syria": 0.296969696969697,
        "islam": 0.9161625327687033,
        "notredame": 0.8398911000731356,
        "gossip": 0.44147644487615345
    },
    "gossip": {
        "politics": 0.7539766435597463,
        "general": 0.7457333174538199,
        "covid": 0.8395154923214324,
        "syria": 0.44270133869381123,
        "islam": 0.8620263481374592,
        "notredame": 0.7499521084426745,
        "gossip": 0.725358559658224
    }
}