{
    "politics": {
        "politics": 0.9418037418195772,
        "general": 0.13572694335173946,
        "covid": 0.4069219763523576,
        "syria": 0.3297672519395672,
        "islam": 0.4919918916510737,
        "notredame": 0.28086194302410517,
        "gossip": 0.47150735294117646
    },
    "general": {
        "politics": 0.3868309772079743,
        "general": 0.9680021644592334,
        "covid": 0.35970815038969056,
        "syria": 0.3710144927536232,
        "islam": 0.4381974769529354,
        "notredame": 0.46544868891237606,
        "gossip": 0.33333333333333326
    },
    "covid": {
        "politics": 0.2951953540819473,
        "general": 0.05611318004032428,
        "covid": 0.9535699247565615,
        "syria": 0.296969696969697,
        "islam": 0.23816365626710453,
        "notredame": 0.25418614102824627,
        "gossip": 0.3288590604026846
    },
    "syria": {
        "politics": 0.5848902621353326,
        "general": 0.8869595119435579,
        "covid": 0.8632516064648823,
        "syria": 0.3844525844525844,
        "islam": 0.6417100694444444,
        "notredame": 0.6198589894242068,
        "gossip": 0.5242836596968692
    },
    "islam": {
        "politics": 0.7284321444869141,
        "general": 0.23780634585298965,
        "covid": 0.9135687026240187,
        "syria": 0.4186198403143897,
        "islam": 0.9161625327687033,
        "notredame": 0.6666666666666666,
        "gossip": 0.3911719939117199
    },
    "notredame": {
        "politics": 0.7206053162645312,
        "general": 0.26684437160640523,
        "covid": 0.8779542958868879,
        "syria": 0.3202354131224424,
        "islam": 0.8856373095503529,
        "notredame": 0.770453159926844,
        "gossip": 0.4109868974636375
    },
    "gossip": {
        "politics": 0.6959152683928386,
        "general": 0.679685144561548,
        "covid": 0.7847610453656907,
        "syria": 0.4883384932920537,
        "islam": 0.7804746265660386,
        "notredame": 0.6532005689900428,
        "gossip": 0.6587715776796468
    }
}