{
    "politics": 0.9433054532763782,
    "general": 0.6620640243512288,
    "covid": 0.6443434330787631,
    "syria": 0.6876803898174794,
    "islam": 0.6034265465301915,
    "notredame": 0.6769198521222899,
    "gossip": 0.7194427595094085
}