{
    "politics": 0.4881904929541167,
    "general": 0.4655990052288158,
    "covid": 0.5003751660807355,
    "syria": 0.6194111507912198,
    "islam": 0.5441106802057784,
    "notredame": 0.6525908760755418,
    "gossip": 0.7194427595094085
}