{
    "politics": {
        "politics": 0.9440144549494079,
        "general": 0.16637022416832534,
        "covid": 0.39716931256805116,
        "syria": 0.479133510167993,
        "islam": 0.41162551440329215,
        "notredame": 0.2977753263467549,
        "gossip": 0.47862356621480706
    },
    "general": {
        "politics": 0.3868309772079743,
        "general": 0.9716674509381278,
        "covid": 0.35970815038969056,
        "syria": 0.3710144927536232,
        "islam": 0.4381974769529354,
        "notredame": 0.46544868891237606,
        "gossip": 0.33333333333333326
    },
    "covid": {
        "politics": 0.2884651651059662,
        "general": 0.014049165773291392,
        "covid": 0.9720420031723929,
        "syria": 0.296969696969697,
        "islam": 0.232379767827529,
        "notredame": 0.27240130719283784,
        "gossip": 0.33333333333333326
    },
    "syria": {
        "politics": 0.3298969764770259,
        "general": 0.5964481641333329,
        "covid": 0.904558599137374,
        "syria": 0.48332035546986046,
        "islam": 0.44834557216539905,
        "notredame": 0.5687850012174336,
        "gossip": 0.568922305764411
    },
    "islam": {
        "politics": 0.38938422647140186,
        "general": 0.21134613125149163,
        "covid": 0.9545151644616431,
        "syria": 0.296969696969697,
        "islam": 0.9791925645998045,
        "notredame": 0.38572370279687357,
        "gossip": 0.3658041603247082
    },
    "notredame": {
        "politics": 0.654970149380529,
        "general": 0.5243295223526149,
        "covid": 0.9169619474383104,
        "syria": 0.3297672519395672,
        "islam": 0.9444444444444444,
        "notredame": 0.8426493667872978,
        "gossip": 0.537037037037037
    },
    "gossip": {
        "politics": 0.6322142584011944,
        "general": 0.7804361974540365,
        "covid": 0.8480359544656946,
        "syria": 0.47330447330447334,
        "islam": 0.9367651549854941,
        "notredame": 0.8040698040698041,
        "gossip": 0.8181818181818181
    }
}