{
    "politics": 0.460817937856394,
    "general": 0.46542652338151014,
    "covid": 0.36594100558457704,
    "syria": 0.5499536236970255,
    "islam": 0.5382074599318986,
    "notredame": 0.6820560574584986,
    "gossip": 0.7486717965252576
}