{
    "politics": 0.9440144549494199,
    "general": 0.6619996737413939,
    "covid": 0.4486771283231821,
    "syria": 0.5550599699978556,
    "islam": 0.5902785811449087,
    "notredame": 0.7065130156129644,
    "gossip": 0.7486717965252576
}