{
    "politics": 0.9418037418195891,
    "general": 0.6601560644827826,
    "covid": 0.4533030493364944,
    "syria": 0.6843313938672065,
    "islam": 0.6431017419289764,
    "notredame": 0.6585707845060234,
    "gossip": 0.6659024906983741
}