{
    "politics": 0.517006596003964,
    "general": 0.4649177603365348,
    "covid": 0.4919791738091817,
    "syria": 0.4649319084759761,
    "islam": 0.6415123533512147,
    "notredame": 0.6324675817242319,
    "gossip": 0.6667173361955067
}