{
    "politics": {
        "politics": 0.9433378000902827,
        "general": 0.48043739273637626,
        "covid": 0.4782172200965852,
        "syria": 0.4339886413280909,
        "islam": 0.3767921146953405,
        "notredame": 0.3878740053922536,
        "gossip": 0.5463252343986289
    },
    "general": {
        "politics": 0.3868309772079743,
        "general": 0.9680021644592334,
        "covid": 0.35970815038969056,
        "syria": 0.3710144927536232,
        "islam": 0.4381974769529354,
        "notredame": 0.46544868891237606,
        "gossip": 0.33333333333333326
    },
    "covid": {
        "politics": 0.9172484802785852,
        "general": 0.06937971041373389,
        "covid": 0.9701465457603519,
        "syria": 0.317306052855925,
        "islam": 0.23528602860286027,
        "notredame": 0.4204334350819573,
        "gossip": 0.32432432432432434
    },
    "syria": {
        "politics": 0.5355138557520975,
        "general": 0.8418805909589688,
        "covid": 0.9467197840433812,
        "syria": 0.4844564240790656,
        "islam": 0.5592257737434214,
        "notredame": 0.6263138138138138,
        "gossip": 0.38095238095238093
    },
    "islam": {
        "politics": 0.6676813670203318,
        "general": 0.10532638737050379,
        "covid": 0.9502866791771215,
        "syria": 0.4818481848184819,
        "islam": 0.9098344465991526,
        "notredame": 0.3409891524177239,
        "gossip": 0.4233836339099497
    },
    "notredame": {
        "politics": 0.8081548186938241,
        "general": 0.4787269902356054,
        "covid": 0.9148340896244233,
        "syria": 0.5519772348150329,
        "islam": 0.9009773662551441,
        "notredame": 0.8168696865879964,
        "gossip": 0.567882624861823
    },
    "gossip": {
        "politics": 0.57247907009456,
        "general": 0.4508041006204808,
        "covid": 0.8053726298477237,
        "syria": 0.547692549389262,
        "islam": 0.870572422517394,
        "notredame": 0.8125152179206233,
        "gossip": 0.8298468621759583
    }
}