{
    "politics": 0.9445279946946525,
    "general": 0.6619730564722018,
    "covid": 0.45756412703303223,
    "syria": 0.5796615293739394,
    "islam": 0.72329135567461,
    "notredame": 0.6879771487649373,
    "gossip": 0.7310843562788321
}