{
    "politics": 0.9429707680716467,
    "general": 0.6601560644827826,
    "covid": 0.5190866114067804,
    "syria": 0.5065802207860853,
    "islam": 0.6750087084304184,
    "notredame": 0.6348129956578866,
    "gossip": 0.6667173361955067
}