{
    "politics": {
        "politics": 0.9445279946946411,
        "general": 0.41264363462221093,
        "covid": 0.48592911679208617,
        "syria": 0.4669674881406919,
        "islam": 0.2612445812081632,
        "notredame": 0.3092030678237575,
        "gossip": 0.46258784621744525
    },
    "general": {
        "politics": 0.3868309772079743,
        "general": 0.971275000762736,
        "covid": 0.35970815038969056,
        "syria": 0.3710144927536232,
        "islam": 0.4381974769529354,
        "notredame": 0.46544868891237606,
        "gossip": 0.33333333333333326
    },
    "covid": {
        "politics": 0.3064081859329304,
        "general": 0.033825545600080546,
        "covid": 0.9753671245855045,
        "syria": 0.4488328258663187,
        "islam": 0.23528602860286027,
        "notredame": 0.28552851831329357,
        "gossip": 0.32432432432432434
    },
    "syria": {
        "politics": 0.5422776499268601,
        "general": 0.3127855771902234,
        "covid": 0.9629747650940439,
        "syria": 0.5114285714285715,
        "islam": 0.4476005863352897,
        "notredame": 0.4775633486781435,
        "gossip": 0.45725915875169604
    },
    "islam": {
        "politics": 0.904784370646583,
        "general": 0.5774239828990065,
        "covid": 0.8565254429529523,
        "syria": 0.3844525844525844,
        "islam": 0.8946085916424901,
        "notredame": 0.6611725806641061,
        "gossip": 0.4708994708994709
    },
    "notredame": {
        "politics": 0.637515122289811,
        "general": 0.32356413088105146,
        "covid": 0.8782223903443859,
        "syria": 0.6125729782666014,
        "islam": 0.8873453637498581,
        "notredame": 0.8327227732418792,
        "gossip": 0.4091067083767814
    },
    "gossip": {
        "politics": 0.9034918517363464,
        "general": 0.5267046752951875,
        "covid": 0.8128472149956457,
        "syria": 0.3975994755156589,
        "islam": 0.9155090228123934,
        "notredame": 0.8172520346433391,
        "gossip": 0.7395833333333333
    }
}