{
    "politics": {
        "politics": 0.9429707680716342,
        "general": 0.45329311885870677,
        "covid": 0.41514284460688894,
        "syria": 0.47878787878787876,
        "islam": 0.4517558820956879,
        "notredame": 0.267987987987988,
        "gossip": 0.5495946351716544
    },
    "general": {
        "politics": 0.3868309772079743,
        "general": 0.9680021644592334,
        "covid": 0.35970815038969056,
        "syria": 0.3710144927536232,
        "islam": 0.4381974769529354,
        "notredame": 0.46544868891237606,
        "gossip": 0.33333333333333326
    },
    "covid": {
        "politics": 0.3282176386357907,
        "general": 0.2545626186842191,
        "covid": 0.9720387552788154,
        "syria": 0.4675014379894695,
        "islam": 0.23528602860286027,
        "notredame": 0.376855728968405,
        "gossip": 0.5095586027424682
    },
    "syria": {
        "politics": 0.3869286625138522,
        "general": 0.9680021644592334,
        "covid": 0.35970815038969056,
        "syria": 0.3710144927536232,
        "islam": 0.4381974769529354,
        "notredame": 0.46544868891237606,
        "gossip": 0.33333333333333326
    },
    "islam": {
        "politics": 0.6267675665240384,
        "general": 0.47994759980280405,
        "covid": 0.9154484930125133,
        "syria": 0.45330147633585527,
        "islam": 0.9164327719860998,
        "notredame": 0.4808133300149858,
        "gossip": 0.5626666666666666
    },
    "notredame": {
        "politics": 0.39251946608608695,
        "general": 0.37519382129183015,
        "covid": 0.873820442498592,
        "syria": 0.3776507936507936,
        "islam": 0.8814281924548323,
        "notredame": 0.8265807178336729,
        "gossip": 0.62
    },
    "gossip": {
        "politics": 0.3374265395203678,
        "general": 0.4577737611717116,
        "covid": 0.8986902174538274,
        "syria": 0.4744615384615385,
        "islam": 0.8805564038614886,
        "notredame": 0.8070595159202755,
        "gossip": 0.7796474358974359
    }
}