{
    "politics": 0.9433378000902943,
    "general": 0.6601560644827826,
    "covid": 0.6496651857530424,
    "syria": 0.6934929116287717,
    "islam": 0.6303460595277542,
    "notredame": 0.7255076174018082,
    "gossip": 0.6892354219179669
}