{
    "politics": 0.5241956954967947,
    "general": 0.4649177603365348,
    "covid": 0.4942572545393921,
    "syria": 0.6336541515811593,
    "islam": 0.5789736656703339,
    "notredame": 0.7026455531840765,
    "gossip": 0.6892354219179669
}