{
    "politics": 0.49416264077285815,
    "general": 0.4654222325803558,
    "covid": 0.390430213151769,
    "syria": 0.5369313224110164,
    "islam": 0.6841808124366917,
    "notredame": 0.6587014654043385,
    "gossip": 0.7310843562788321
}