{
    "politics": {
        "politics": 0.9431790512964772,
        "general": 0.17293346147045624,
        "covid": 0.44373154638953544,
        "syria": 0.479324894514768,
        "islam": 0.587556237218814,
        "notredame": 0.28552851831329357,
        "gossip": 0.5523528769516323
    },
    "general": {
        "politics": 0.3870262938137451,
        "general": 0.9680021644592334,
        "covid": 0.35970815038969056,
        "syria": 0.3710144927536232,
        "islam": 0.4381974769529354,
        "notredame": 0.46544868891237606,
        "gossip": 0.33333333333333326
    },
    "covid": {
        "politics": 0.8126779917072112,
        "general": 0.05739099374114281,
        "covid": 0.9729926739441748,
        "syria": 0.3202354131224424,
        "islam": 0.23816365626710453,
        "notredame": 0.31938223938223936,
        "gossip": 0.32432432432432434
    },
    "syria": {
        "politics": 0.8676436400556651,
        "general": 0.1492196515950216,
        "covid": 0.9423949558574187,
        "syria": 0.5076346916830435,
        "islam": 0.2960095420924849,
        "notredame": 0.551964244946701,
        "gossip": 0.3710691823899371
    },
    "islam": {
        "politics": 0.8943060986561246,
        "general": 0.26200961946438434,
        "covid": 0.9393978273893903,
        "syria": 0.47485223597635784,
        "islam": 0.9580812663843518,
        "notredame": 0.25418614102824627,
        "gossip": 0.4233836339099497
    },
    "notredame": {
        "politics": 0.8610082171551853,
        "general": 0.4730197100343991,
        "covid": 0.9227403545317755,
        "syria": 0.504087736789631,
        "islam": 0.9168650793650794,
        "notredame": 0.8709093709093709,
        "gossip": 0.5757575757575758
    },
    "gossip": {
        "politics": 0.6321140620886773,
        "general": 0.8493483201283089,
        "covid": 0.6932189744756142,
        "syria": 0.3710144927536232,
        "islam": 0.8237847222222222,
        "notredame": 0.5051424305661594,
        "gossip": 0.7960016319869442
    }
}