{
    "politics": 0.943179051296489,
    "general": 0.6602586652058788,
    "covid": 0.6111373699630495,
    "syria": 0.6101333423928084,
    "islam": 0.6932991998880264,
    "notredame": 0.7399559572905755,
    "gossip": 0.6747749301960299
}