{
    "politics": 0.4995165267885983,
    "general": 0.4649460553377172,
    "covid": 0.4615932337248866,
    "syria": 0.5480528256027855,
    "islam": 0.6187059940405406,
    "notredame": 0.7169501088913774,
    "gossip": 0.6747749301960299
}