{
    "politics": {
        "politics": 0.9304567729637638,
        "general": 0.2526432294356514,
        "covid": 0.42356929625392425,
        "syria": 0.46434712902266523,
        "islam": 0.41749754178957726,
        "notredame": 0.31938223938223936,
        "gossip": 0.36050156739811906
    },
    "general": {
        "politics": 0.5041808345055655,
        "general": 0.9652380003331736,
        "covid": 0.369801778501502,
        "syria": 0.3710144927536232,
        "islam": 0.4381974769529354,
        "notredame": 0.4524979524979525,
        "gossip": 0.3288590604026846
    },
    "covid": {
        "politics": 0.8137097591223309,
        "general": 0.2922484739452234,
        "covid": 0.9459715580587899,
        "syria": 0.457246169949567,
        "islam": 0.2914091143229403,
        "notredame": 0.3145413018652455,
        "gossip": 0.3551587301587301
    },
    "syria": {
        "politics": 0.8549319548529132,
        "general": 0.40026581740234,
        "covid": 0.9397928471304717,
        "syria": 0.48118051344249035,
        "islam": 0.3790116228640819,
        "notredame": 0.4016896513476541,
        "gossip": 0.4255514705882353
    },
    "islam": {
        "politics": 0.879257892358074,
        "general": 0.572980979709981,
        "covid": 0.9179977288124264,
        "syria": 0.5393939393939394,
        "islam": 0.8885770293147999,
        "notredame": 0.5258166429278986,
        "gossip": 0.46258784621744525
    },
    "notredame": {
        "politics": 0.8682227405949875,
        "general": 0.559421784195046,
        "covid": 0.922933973348462,
        "syria": 0.5289841425289088,
        "islam": 0.854921162847992,
        "notredame": 0.7900713952723409,
        "gossip": 0.5073891625615763
    },
    "gossip": {
        "politics": 0.8314930520666252,
        "general": 0.7331158684999458,
        "covid": 0.9020907492607163,
        "syria": 0.5209999630737417,
        "islam": 0.87464915797915,
        "notredame": 0.7480198565912851,
        "gossip": 0.6496847162446201
    }
}