{
    "gossip": 0.5660205422957391,
    "notredame": 0.5211475281659164,
    "islam": 0.6345275792577636,
    "syria": 0.6503959055100557,
    "covid": 0.5164275269789738,
    "general": 0.5153188198807196,
    "politics": 0.516215068538486
}