{
    "gossip": {
        "gossip": 0.6305418719211823,
        "notredame": 0.43964112566174424,
        "islam": 0.5568445745076179,
        "syria": 0.41493118986725125,
        "covid": 0.5361199383763621,
        "general": 0.863048122107799,
        "politics": 0.5193797523177184
    },
    "notredame": {
        "gossip": 0.6471418489767115,
        "notredame": 0.8179991838528424,
        "islam": 0.3823849152796521,
        "syria": 0.3940680822379508,
        "covid": 0.5438510091917651,
        "general": 0.44643487393912823,
        "politics": 0.4568723928473135
    },
    "islam": {
        "gossip": 0.628178072555522,
        "notredame": 0.8056256883843091,
        "islam": 0.9090146087933699,
        "syria": 0.45896296296296296,
        "covid": 0.5928291527724657,
        "general": 0.5990491384188869,
        "politics": 0.5522297473435124
    },
    "syria": {
        "gossip": 0.5772946859903382,
        "notredame": 0.7666850523993382,
        "islam": 0.8726851851851852,
        "syria": 0.5307217456401948,
        "covid": 0.6126614519533702,
        "general": 0.7910776180545875,
        "politics": 0.4817157424756585
    },
    "covid": {
        "gossip": 0.47862356621480706,
        "notredame": 0.7207207207207207,
        "islam": 0.5245857450913631,
        "syria": 0.3388129899216126,
        "covid": 0.939871066532393,
        "general": 0.2186605528477138,
        "politics": 0.34159404376280633
    },
    "general": {
        "gossip": 0.3551783129359126,
        "notredame": 0.5051424305661594,
        "islam": 0.5119977678571428,
        "syria": 0.3696795278279108,
        "covid": 0.5502117808561017,
        "general": 0.9656633408025574,
        "politics": 0.39417622988930745
    },
    "politics": {
        "gossip": 0.35031185031185025,
        "notredame": 0.3357301064582968,
        "islam": 0.5469939868764677,
        "syria": 0.4850384024577572,
        "covid": 0.6489647038755972,
        "general": 0.25140144748329535,
        "politics": 0.9305951308709787
    }
}