{
    "gossip": {
        "gossip": 0.6753246753246753,
        "notredame": 0.453900743555916,
        "islam": 0.5958481781724928,
        "syria": 0.38643738977072306,
        "covid": 0.5724172481660404,
        "general": 0.8378625954198473,
        "politics": 0.53390984989217
    },
    "notredame": {
        "gossip": 0.629666700030027,
        "notredame": 0.8107107107107108,
        "islam": 0.407332251082251,
        "syria": 0.3629951253831851,
        "covid": 0.6598639939552869,
        "general": 0.6117318741450068,
        "politics": 0.5187629673125856
    },
    "islam": {
        "gossip": 0.6198479391756703,
        "notredame": 0.7678029442735325,
        "islam": 0.8868312757201645,
        "syria": 0.40389173459237154,
        "covid": 0.6505194805194805,
        "general": 0.7215540015540016,
        "politics": 0.6098666666666666
    },
    "syria": {
        "gossip": 0.5075871771681237,
        "notredame": 0.7595421508464987,
        "islam": 0.8873453637498581,
        "syria": 0.46981519002885735,
        "covid": 0.6728540305010893,
        "general": 0.7550819672131147,
        "politics": 0.5680000000000001
    },
    "covid": {
        "gossip": 0.3497730339835603,
        "notredame": 0.6916038845863407,
        "islam": 0.49952772594282036,
        "syria": 0.33313047888140257,
        "covid": 0.9600213675213676,
        "general": 0.16010714285714286,
        "politics": 0.3374358974358974
    },
    "general": {
        "gossip": 0.33333333333333326,
        "notredame": 0.5051424305661594,
        "islam": 0.5769665585776367,
        "syria": 0.3822932330827068,
        "covid": 0.5429603283173734,
        "general": 0.9701010101010102,
        "politics": 0.4581466113416321
    },
    "politics": {
        "gossip": 0.4109868974636375,
        "notredame": 0.36172084273350097,
        "islam": 0.7023829626413213,
        "syria": 0.5269825732295144,
        "covid": 0.7521797098867163,
        "general": 0.4069528875379939,
        "politics": 0.9399075241698192
    }
}