{
    "gossip": {
        "gossip": 0.6715927750410509,
        "notredame": 0.4833836496070539,
        "islam": 0.5707178718529892,
        "syria": 0.3883556254917388,
        "covid": 0.5202365900871923,
        "general": 0.8966437859517064,
        "politics": 0.47093627087433954
    },
    "notredame": {
        "gossip": 0.6697027324592133,
        "notredame": 0.8297832342776164,
        "islam": 0.4994250786734447,
        "syria": 0.47798353909465024,
        "covid": 0.6092577242311688,
        "general": 0.6878686217740391,
        "politics": 0.5472484356702727
    },
    "islam": {
        "gossip": 0.62,
        "notredame": 0.8551843769235075,
        "islam": 0.9021896215634873,
        "syria": 0.4732698739387703,
        "covid": 0.6041625083363059,
        "general": 0.703189635395156,
        "politics": 0.5719389318850101
    },
    "syria": {
        "gossip": 0.6080795899909557,
        "notredame": 0.8291786038912475,
        "islam": 0.8800384683284074,
        "syria": 0.5352813852813854,
        "covid": 0.6236678240019676,
        "general": 0.7906497095014422,
        "politics": 0.46870978026943305
    },
    "covid": {
        "gossip": 0.38593442243077275,
        "notredame": 0.6105472235600706,
        "islam": 0.42948927245665747,
        "syria": 0.36581196581196584,
        "covid": 0.937977658214678,
        "general": 0.19489959110951016,
        "politics": 0.33647488098427053
    },
    "general": {
        "gossip": 0.3911719939117199,
        "notredame": 0.48567208679568225,
        "islam": 0.6238849952214081,
        "syria": 0.41636993317399157,
        "covid": 0.5494358068043689,
        "general": 0.9665789850478227,
        "politics": 0.39908759297578994
    },
    "politics": {
        "gossip": 0.3497730339835603,
        "notredame": 0.3462597212597212,
        "islam": 0.6005084929135562,
        "syria": 0.47028985507246385,
        "covid": 0.6650202035582753,
        "general": 0.28146437138820946,
        "politics": 0.9300503516784432
    }
}