{
    "gossip": 0.5806099610548554,
    "notredame": 0.5606923339285204,
    "islam": 0.6486951501630136,
    "syria": 0.654229142110505,
    "covid": 0.4822081745246989,
    "general": 0.5448492364565957,
    "politics": 0.6019877863965462
}