{
    "gossip": 0.521396407176573,
    "notredame": 0.5573107615917177,
    "islam": 0.580057061262042,
    "syria": 0.5126404476223709,
    "covid": 0.38265382988480745,
    "general": 0.4715286527369373,
    "politics": 0.8178101093200506
}