{
    "politics": 0.7919560840563762,
    "general": 0.487282192276957,
    "covid": 0.7575146123735893,
    "syria": 0.80698850994325,
    "islam": 0.8253922946491294,
    "notredame": 0.8194965023181945,
    "gossip": 0.7877497170698567
}