{
    "politics": {
        "politics": 0.9311735048942753,
        "general": 0.2169577558111173,
        "covid": 0.38893956864860485,
        "syria": 0.46847584394582575,
        "islam": 0.41245714861867305,
        "notredame": 0.31938223938223936,
        "gossip": 0.3658041603247082
    },
    "general": {
        "politics": 0.44527177440345206,
        "general": 0.9666448381131191,
        "covid": 0.36515252201841425,
        "syria": 0.3710144927536232,
        "islam": 0.4537768031189084,
        "notredame": 0.4568636433043213,
        "gossip": 0.33333333333333326
    },
    "covid": {
        "politics": 0.8232702019252239,
        "general": 0.2968662141176812,
        "covid": 0.9450566334587605,
        "syria": 0.4522875816993464,
        "islam": 0.3080818410447535,
        "notredame": 0.33531277756629874,
        "gossip": 0.3743099006256901
    },
    "syria": {
        "politics": 0.8669333070403744,
        "general": 0.4623528540014826,
        "covid": 0.9355327345557637,
        "syria": 0.575913409736507,
        "islam": 0.421328933121386,
        "notredame": 0.36524782622343605,
        "gossip": 0.48684354187138335
    },
    "islam": {
        "politics": 0.8717581145629905,
        "general": 0.594007129319979,
        "covid": 0.9229237356693256,
        "syria": 0.5285206619961418,
        "islam": 0.9030092592592592,
        "notredame": 0.46051691035297593,
        "gossip": 0.5059985885673959
    },
    "notredame": {
        "politics": 0.8620765934637713,
        "general": 0.594007129319979,
        "covid": 0.9273480744500183,
        "syria": 0.5607427055702917,
        "islam": 0.8415626574358475,
        "notredame": 0.773134927421137,
        "gossip": 0.5039983804028748
    },
    "gossip": {
        "politics": 0.7957077669835717,
        "general": 0.7636671109990935,
        "covid": 0.9080220029644878,
        "syria": 0.5555035128805621,
        "islam": 0.8478860798384796,
        "notredame": 0.7853502482073911,
        "gossip": 0.6290726817042607
    }
}