{
    "politics": {
        "politics": 0.9197451274362819,
        "general": 0.29152,
        "covid": 0.3599154480778635,
        "syria": 0.5003337041156841,
        "islam": 0.43137738330046027,
        "notredame": 0.28086194302410517,
        "gossip": 0.3453985367731998
    },
    "general": {
        "politics": 0.6100584795321636,
        "general": 0.96,
        "covid": 0.44409313725490196,
        "syria": 0.3603508771929825,
        "islam": 0.4316568771414586,
        "notredame": 0.45844414641723313,
        "gossip": 0.4171928120446819
    },
    "covid": {
        "politics": 0.9202222222222222,
        "general": 0.31456,
        "covid": 0.9333689458689457,
        "syria": 0.4975400907256536,
        "islam": 0.4067655567514621,
        "notredame": 0.3594264282484791,
        "gossip": 0.3911719939117199
    },
    "syria": {
        "politics": 0.9202222222222222,
        "general": 0.3951649175412294,
        "covid": 0.9267156099369671,
        "syria": 0.5269823484949535,
        "islam": 0.45490451388888886,
        "notredame": 0.37560318939629284,
        "gossip": 0.36050156739811906
    },
    "islam": {
        "politics": 0.92,
        "general": 0.5133489228319817,
        "covid": 0.9132055349509214,
        "syria": 0.5536314423433444,
        "islam": 0.7447327880027266,
        "notredame": 0.44453311043001764,
        "gossip": 0.39290917921321034
    },
    "notredame": {
        "politics": 0.900401680594672,
        "general": 0.45774248220425157,
        "covid": 0.9065833333333332,
        "syria": 0.5788888888888889,
        "islam": 0.6878767783940198,
        "notredame": 0.7837837837837838,
        "gossip": 0.39290917921321034
    },
    "gossip": {
        "politics": 0.8422857142857143,
        "general": 0.6944018697336859,
        "covid": 0.8586783504223315,
        "syria": 0.5771068389536715,
        "islam": 0.7711182105978486,
        "notredame": 0.7160660660660662,
        "gossip": 0.5488721804511277
    }
}