{
    "politics": 0.4653629648370518,
    "general": 0.4730456336115188,
    "covid": 0.5093242729920743,
    "syria": 0.5683293024835693,
    "islam": 0.6656111534567197,
    "notredame": 0.7033870220134492,
    "gossip": 0.7354555914404871
}