{
    "politics": 0.4685729870145703,
    "general": 0.5295916567308998,
    "covid": 0.5687106725457916,
    "syria": 0.5859288152506122,
    "islam": 0.6555234788016253,
    "notredame": 0.6770102029592667,
    "gossip": 0.7065082439113488
}