{
    "politics": {
        "politics": 0.9315222183518234,
        "general": 0.23769877247075047,
        "covid": 0.43361575292916144,
        "syria": 0.45572466748937335,
        "islam": 0.45241336460863985,
        "notredame": 0.2977753263467549,
        "gossip": 0.35031185031185025
    },
    "general": {
        "politics": 0.42878063855978904,
        "general": 0.9652701631460159,
        "covid": 0.3641069438593337,
        "syria": 0.3710144927536232,
        "islam": 0.4537768031189084,
        "notredame": 0.46118028140500045,
        "gossip": 0.33333333333333326
    },
    "covid": {
        "politics": 0.8146001373467641,
        "general": 0.268805726643336,
        "covid": 0.9455222233974638,
        "syria": 0.43820807108478343,
        "islam": 0.3577107049329271,
        "notredame": 0.31986647176520594,
        "gossip": 0.36050156739811906
    },
    "syria": {
        "politics": 0.8563830994323153,
        "general": 0.40659966575434753,
        "covid": 0.9374368913541977,
        "syria": 0.5395686114913611,
        "islam": 0.45260845024995966,
        "notredame": 0.3187550903594936,
        "gossip": 0.47150735294117646
    },
    "islam": {
        "politics": 0.8723516144752025,
        "general": 0.561399889870486,
        "covid": 0.9224531247070836,
        "syria": 0.5568882804888576,
        "islam": 0.8820911993988917,
        "notredame": 0.4677626628846141,
        "gossip": 0.4868637110016421
    },
    "notredame": {
        "politics": 0.8629984963818527,
        "general": 0.5548345003936035,
        "covid": 0.9283194456054115,
        "syria": 0.5366343258614922,
        "islam": 0.8346354166666666,
        "notredame": 0.7802436239055958,
        "gossip": 0.524596940884663
    },
    "gossip": {
        "politics": 0.8073740131030861,
        "general": 0.7642440948737663,
        "covid": 0.909513148590848,
        "syria": 0.5555035128805621,
        "islam": 0.8543479521986309,
        "notredame": 0.729103434985788,
        "gossip": 0.628178072555522
    }
}