{
    "politics": 0.48712071766179443,
    "general": 0.5059743631651843,
    "covid": 0.5264508408328709,
    "syria": 0.5726005980514953,
    "islam": 0.6858820615324119,
    "notredame": 0.7105027431478206,
    "gossip": 0.7457038766795075
}