{
    "gossip": 0.5862409727447498,
    "notredame": 0.49532773163325233,
    "islam": 0.6470369409033113,
    "syria": 0.6864223893384103,
    "covid": 0.5315368952289297,
    "general": 0.5210958208569807,
    "politics": 0.5183712737288174
}