{
    "gossip": {
        "gossip": 0.6052232007288187,
        "notredame": 0.4763044003550333,
        "islam": 0.5450503375031678,
        "syria": 0.3992463768115942,
        "covid": 0.5506248753767278,
        "general": 0.8762907124530293,
        "politics": 0.488306347257776
    },
    "notredame": {
        "gossip": 0.6052232007288187,
        "notredame": 0.8558558558558559,
        "islam": 0.437725468975469,
        "syria": 0.3382048715382049,
        "covid": 0.502438368804221,
        "general": 0.47983891414836966,
        "politics": 0.46920087892690215
    },
    "islam": {
        "gossip": 0.58995899589959,
        "notredame": 0.8241375275858034,
        "islam": 0.9090146087933699,
        "syria": 0.4666666666666667,
        "covid": 0.5638685799228123,
        "general": 0.7243093922976013,
        "politics": 0.5831346956686211
    },
    "syria": {
        "gossip": 0.5601023017902814,
        "notredame": 0.7403055229142186,
        "islam": 0.8794634917356556,
        "syria": 0.5468784337229048,
        "covid": 0.5950690649935613,
        "general": 0.8503526646607868,
        "politics": 0.47769005780449725
    },
    "covid": {
        "gossip": 0.4322789943227899,
        "notredame": 0.7687224929847881,
        "islam": 0.5631091617933723,
        "syria": 0.39659385412810066,
        "covid": 0.9455371383780571,
        "general": 0.22741889941091528,
        "politics": 0.34260751791362354
    },
    "general": {
        "gossip": 0.37629937629937626,
        "notredame": 0.46544868891237606,
        "islam": 0.4836647952548609,
        "syria": 0.3914522286677575,
        "covid": 0.4899522699465228,
        "general": 0.9676258722862625,
        "politics": 0.3909892714453293
    },
    "politics": {
        "gossip": 0.37996031746031744,
        "notredame": 0.3304583580445649,
        "islam": 0.5031546952838677,
        "syria": 0.487913971987948,
        "covid": 0.5800417925324612,
        "general": 0.25941666634881916,
        "politics": 0.9321649185743305
    }
}