{
    "politics": {
        "politics": 0.9449177976731348,
        "general": 0.19957969943846046,
        "covid": 0.4289038820841385,
        "syria": 0.5154121863799282,
        "islam": 0.3168701234834446,
        "notredame": 0.31986647176520594,
        "gossip": 0.5906626839252129
    },
    "general": {
        "politics": 0.3873212763480021,
        "general": 0.971275000762736,
        "covid": 0.3607665121815625,
        "syria": 0.3710144927536232,
        "islam": 0.4381974769529354,
        "notredame": 0.46118028140500045,
        "gossip": 0.33333333333333326
    },
    "covid": {
        "politics": 0.9076165937741688,
        "general": 0.2496273452885045,
        "covid": 0.9800909915539858,
        "syria": 0.5380713188592303,
        "islam": 0.278627061650324,
        "notredame": 0.6171626171626171,
        "gossip": 0.5604395604395604
    },
    "syria": {
        "politics": 0.865729308057319,
        "general": 0.248546963447565,
        "covid": 0.9682095826093782,
        "syria": 0.5577388632872503,
        "islam": 0.29250841750841755,
        "notredame": 0.7038130116801872,
        "gossip": 0.5251017639077341
    },
    "islam": {
        "politics": 0.9172802770238985,
        "general": 0.30451099170760787,
        "covid": 0.9317848170429032,
        "syria": 0.5025185185185185,
        "islam": 0.9305555555555556,
        "notredame": 0.7420570260982633,
        "gossip": 0.5967741935483871
    },
    "notredame": {
        "politics": 0.891446956425483,
        "general": 0.37981068877522933,
        "covid": 0.903722518170293,
        "syria": 0.5413410119292472,
        "islam": 0.9172545561434452,
        "notredame": 0.9173112211086895,
        "gossip": 0.7189883580891209
    },
    "gossip": {
        "politics": 0.91627829289473,
        "general": 0.6085471680069161,
        "covid": 0.8559697335304753,
        "syria": 0.4556793634512875,
        "islam": 0.9370101137800254,
        "notredame": 0.8087109666057035,
        "gossip": 0.8084484323016434
    }
}