{
    "politics": 0.5037508012930879,
    "general": 0.46537652297466414,
    "covid": 0.5783254956059082,
    "syria": 0.6010725635746937,
    "islam": 0.6921903985189931,
    "notredame": 0.7387139447951974,
    "gossip": 0.7512341918933295
}