{
    "politics": 0.8056598489518015,
    "general": 0.44143588769988434,
    "covid": 0.8254471952965227,
    "syria": 0.7913429404297272,
    "islam": 0.8367530370370796,
    "notredame": 0.8214906276202126,
    "gossip": 0.858837834432656
}