{
    "gossip": 0.5851029807877836,
    "notredame": 0.6012149656331506,
    "islam": 0.6413707500500382,
    "syria": 0.7043840654156251,
    "covid": 0.532152986062893,
    "general": 0.4652322086893467,
    "politics": 0.5637487124979452
}