{
    "gossip": {
        "gossip": 0.5558672276764844,
        "notredame": 0.5951681991269621,
        "islam": 0.27832919012454,
        "syria": 0.34903703703703703,
        "covid": 0.3854239083625579,
        "general": 0.07720014284449782,
        "politics": 0.646055428373859
    },
    "notredame": {
        "gossip": 0.726775956284153,
        "notredame": 0.9543633467983349,
        "islam": 0.47857791397117233,
        "syria": 0.3340279879516336,
        "covid": 0.683856748532333,
        "general": 0.27608397305342874,
        "politics": 0.6196147388301154
    },
    "islam": {
        "gossip": 0.6615351020853805,
        "notredame": 0.9641045387314044,
        "islam": 0.9375776937994131,
        "syria": 0.4201834862385321,
        "covid": 0.6688203917830156,
        "general": 0.18554821437958358,
        "politics": 0.7453070632960842
    },
    "syria": {
        "gossip": 0.6989160979526295,
        "notredame": 0.8258522082051494,
        "islam": 0.8924713548499956,
        "syria": 0.5462285154510642,
        "covid": 0.7515373685968451,
        "general": 0.5587428669458182,
        "politics": 0.7751682532069505
    },
    "covid": {
        "gossip": 0.3967398280066743,
        "notredame": 0.7849428375744165,
        "islam": 0.32325619952523504,
        "syria": 0.3084135871593878,
        "covid": 0.9758255705102272,
        "general": 0.06562404678548016,
        "politics": 0.4334328079434454
    },
    "general": {
        "gossip": 0.33333333333333326,
        "notredame": 0.46118028140500045,
        "islam": 0.4381974769529354,
        "syria": 0.3710144927536232,
        "covid": 0.35970815038969056,
        "general": 0.9703018272444032,
        "politics": 0.38695358986874323
    },
    "politics": {
        "gossip": 0.5324918186068256,
        "notredame": 0.5058527195931777,
        "islam": 0.4974204853257379,
        "syria": 0.5519106407995298,
        "covid": 0.8280591263335388,
        "general": 0.3039564004171003,
        "politics": 0.9465246964956111
    }
}