{
    "politics": {
        "politics": 0.9328805885681948,
        "general": 0.18095203976534863,
        "covid": 0.47138888888888886,
        "syria": 0.49979999111071605,
        "islam": 0.3208188657407407,
        "notredame": 0.2977753263467549,
        "gossip": 0.48003097687797314
    },
    "general": {
        "politics": 0.4581466113416321,
        "general": 0.9701010101010102,
        "covid": 0.3633770014556041,
        "syria": 0.3633770014556041,
        "islam": 0.4381974769529354,
        "notredame": 0.46544868891237606,
        "gossip": 0.33333333333333326
    },
    "covid": {
        "politics": 0.9602062995026709,
        "general": 0.3196537115490883,
        "covid": 0.9866547619047621,
        "syria": 0.5642882472137791,
        "islam": 0.232379767827529,
        "notredame": 0.5725518307366628,
        "gossip": 0.618627057406664
    },
    "syria": {
        "politics": 0.23346527453119323,
        "general": 0.2025319865319865,
        "covid": 0.9866547619047621,
        "syria": 0.5499696417729205,
        "islam": 0.23816365626710453,
        "notredame": 0.39167772973919546,
        "gossip": 0.47987336047037543
    },
    "islam": {
        "politics": 0.9531030160595378,
        "general": 0.29350848385331146,
        "covid": 0.9463597674279208,
        "syria": 0.549264705882353,
        "islam": 0.875,
        "notredame": 0.7038130116801872,
        "gossip": 0.64996499649965
    },
    "notredame": {
        "politics": 0.9257123790457122,
        "general": 0.34010249780691626,
        "covid": 0.8984297483045833,
        "syria": 0.549161863056139,
        "islam": 0.8963722591771371,
        "notredame": 0.8907995103117053,
        "gossip": 0.5689655172413793
    },
    "gossip": {
        "politics": 0.9122055388722055,
        "general": 0.4779518012912129,
        "covid": 0.8560635301722148,
        "syria": 0.5446626599151326,
        "islam": 0.8810191038067143,
        "notredame": 0.8513091317705593,
        "gossip": 0.7777777777777777
    }
}