{
    "politics": {
        "politics": 0.9458925765305376,
        "general": 0.3647030594108816,
        "covid": 0.4481189507128887,
        "syria": 0.49846153846153846,
        "islam": 0.3448327359617682,
        "notredame": 0.3143020453763064,
        "gossip": 0.5523528769516323
    },
    "general": {
        "politics": 0.3899809987997364,
        "general": 0.9680021644592334,
        "covid": 0.35970815038969056,
        "syria": 0.3710144927536232,
        "islam": 0.4381974769529354,
        "notredame": 0.46544868891237606,
        "gossip": 0.33333333333333326
    },
    "covid": {
        "politics": 0.922793259275892,
        "general": 0.2053844725357161,
        "covid": 0.9753438631996256,
        "syria": 0.509684405940594,
        "islam": 0.24695707070707065,
        "notredame": 0.5650293150293151,
        "gossip": 0.47245736719420933
    },
    "syria": {
        "politics": 0.924647380981038,
        "general": 0.2871443825975528,
        "covid": 0.9720237336963313,
        "syria": 0.49953821138211374,
        "islam": 0.2612445812081632,
        "notredame": 0.6330620059433619,
        "gossip": 0.5249681381068243
    },
    "islam": {
        "politics": 0.9312580386653917,
        "general": 0.2781512313210483,
        "covid": 0.944283222515305,
        "syria": 0.4809047411918225,
        "islam": 0.9098344465991526,
        "notredame": 0.7594557109120217,
        "gossip": 0.539894512400404
    },
    "notredame": {
        "politics": 0.928054715230757,
        "general": 0.3850643107600609,
        "covid": 0.9064564753129619,
        "syria": 0.5515151515151515,
        "islam": 0.903200232624487,
        "notredame": 0.9084348432939982,
        "gossip": 0.6874684948079443
    },
    "gossip": {
        "politics": 0.9340265887232092,
        "general": 0.5766739513191957,
        "covid": 0.8651096447444604,
        "syria": 0.4787928574516841,
        "islam": 0.9155090228123934,
        "notredame": 0.8192492464482019,
        "gossip": 0.7493734335839599
    }
}