{
    "politics": {
        "politics": 0.9452072514194416,
        "general": 0.2861148545571705,
        "covid": 0.46842753994342234,
        "syria": 0.5291101055806938,
        "islam": 0.3961419753086419,
        "notredame": 0.31986647176520594,
        "gossip": 0.6093337556752191
    },
    "general": {
        "politics": 0.3875358376589942,
        "general": 0.9727119570177152,
        "covid": 0.36055179687159566,
        "syria": 0.3710144927536232,
        "islam": 0.4381974769529354,
        "notredame": 0.4810030369352403,
        "gossip": 0.33333333333333326
    },
    "covid": {
        "politics": 0.9294002398982008,
        "general": 0.3195969336877458,
        "covid": 0.9786667568572537,
        "syria": 0.5249322390731566,
        "islam": 0.2718579361980378,
        "notredame": 0.5858626840922673,
        "gossip": 0.6124031007751938
    },
    "syria": {
        "politics": 0.9289715289352034,
        "general": 0.3790215801229318,
        "covid": 0.9691500688699335,
        "syria": 0.5209999630737417,
        "islam": 0.34979204524327856,
        "notredame": 0.6425703517440667,
        "gossip": 0.5555555555555556
    },
    "islam": {
        "politics": 0.9336977442517237,
        "general": 0.2249101435482016,
        "covid": 0.9371971179527839,
        "syria": 0.49774464119291706,
        "islam": 0.9164327719860998,
        "notredame": 0.7325046689453469,
        "gossip": 0.5920075321686369
    },
    "notredame": {
        "politics": 0.931150848105813,
        "general": 0.2940280196237143,
        "covid": 0.9066724981085323,
        "syria": 0.4700097560975609,
        "islam": 0.9166666666666666,
        "notredame": 0.899599362956337,
        "gossip": 0.6753246753246753
    },
    "gossip": {
        "politics": 0.9315564423559484,
        "general": 0.5572848066625878,
        "covid": 0.8898131097922325,
        "syria": 0.517505376344086,
        "islam": 0.9155090228123934,
        "notredame": 0.8413458356315499,
        "gossip": 0.7889659330720531
    }
}