{
    "politics": 0.5274158244123743,
    "general": 0.48781644403634733,
    "covid": 0.6214094218167308,
    "syria": 0.6300610379602878,
    "islam": 0.693755854831167,
    "notredame": 0.7265085941197937,
    "gossip": 0.7631068205521606
}