{
    "politics": 0.4715914586883086,
    "general": 0.4835364908663338,
    "covid": 0.6252908189115877,
    "syria": 0.4735336313936095,
    "islam": 0.7081956295020756,
    "notredame": 0.7124984444564396,
    "gossip": 0.7340460957325234
}