{
    "gossip": {
        "gossip": 0.725358559658224,
        "notredame": 0.5864006421281962,
        "islam": 0.5596998874991728,
        "syria": 0.37490636252086984,
        "covid": 0.4030222222222222,
        "general": 0.7918610421836227,
        "politics": 0.6373464912280702
    },
    "notredame": {
        "gossip": 0.7291666666666665,
        "notredame": 0.9267478746351986,
        "islam": 0.39941007060572276,
        "syria": 0.505610465116279,
        "covid": 0.7177272727272727,
        "general": 0.29350848385331146,
        "politics": 0.6213418910084982
    },
    "islam": {
        "gossip": 0.6744791666666667,
        "notredame": 0.9641045387314044,
        "islam": 0.9374156545209177,
        "syria": 0.46981324278438036,
        "covid": 0.6566739341085271,
        "general": 0.23563279456125344,
        "politics": 0.7403582381439175
    },
    "syria": {
        "gossip": 0.6349153667441088,
        "notredame": 0.9552061142835832,
        "islam": 0.9446858472139925,
        "syria": 0.5368312998064022,
        "covid": 0.6214864433811802,
        "general": 0.2025319865319865,
        "politics": 0.6860905349794237
    },
    "covid": {
        "gossip": 0.37629937629937626,
        "notredame": 0.7278857805173594,
        "islam": 0.4676470159479869,
        "syria": 0.3629951253831851,
        "covid": 0.9666532851599089,
        "general": 0.07767907162865147,
        "politics": 0.5866153470185728
    },
    "general": {
        "gossip": 0.3103448275862069,
        "notredame": 0.46544868891237606,
        "islam": 0.4381974769529354,
        "syria": 0.3633770014556041,
        "covid": 0.3633770014556041,
        "general": 0.9833783783783783,
        "politics": 0.4581466113416321
    },
    "politics": {
        "gossip": 0.47862356621480706,
        "notredame": 0.4141905881036316,
        "islam": 0.4064921703810593,
        "syria": 0.4893707507138012,
        "covid": 0.7521797098867163,
        "general": 0.2025319865319865,
        "politics": 0.960111111111111
    }
}