{
    "gossip": 0.5881572116564514,
    "notredame": 0.5770169072088792,
    "islam": 0.6495120934724103,
    "syria": 0.6390993663973981,
    "covid": 0.515630539303549,
    "general": 0.48341835104432873,
    "politics": 0.5406016647737765
}