{
    "gossip": 0.4773203114478548,
    "notredame": 0.4736856362697344,
    "islam": 0.6144834570185873,
    "syria": 0.6390742749743048,
    "covid": 0.43100875280660567,
    "general": 0.44127295315610876,
    "politics": 0.8178613980948634
}