{
    "gossip": 0.38374327637121086,
    "notredame": 0.5654594670504499,
    "islam": 0.6516980255372086,
    "syria": 0.7031833053753412,
    "covid": 0.49165590815035826,
    "general": 0.4854338662613194,
    "politics": 0.6027438887429731
}