{
    "gossip": {
        "gossip": 0.5989304812834224,
        "notredame": 0.7864650364650365,
        "islam": 0.2650055141990626,
        "syria": 0.4869175627240144,
        "covid": 0.5235250204594243,
        "general": 0.17591893178525844,
        "politics": 0.5292090047973204
    },
    "notredame": {
        "gossip": 0.6212121212121212,
        "notredame": 0.936108685517669,
        "islam": 0.2889906906404368,
        "syria": 0.43980990534543024,
        "covid": 0.6732290090348189,
        "general": 0.15171422281576608,
        "politics": 0.507608705694566
    },
    "islam": {
        "gossip": 0.6349153667441088,
        "notredame": 0.9552061142835832,
        "islam": 0.9514493173995437,
        "syria": 0.4484184152834325,
        "covid": 0.6777533537154169,
        "general": 0.17138944431733505,
        "politics": 0.679798836248184
    },
    "syria": {
        "gossip": 0.7536945812807881,
        "notredame": 0.8258522082051494,
        "islam": 0.8999326458565589,
        "syria": 0.5122081300813008,
        "covid": 0.7736016177175885,
        "general": 0.4504438720650076,
        "politics": 0.6630058996924193
    },
    "covid": {
        "gossip": 0.3551783129359126,
        "notredame": 0.8034136934592366,
        "islam": 0.39917492788302955,
        "syria": 0.3323982714629147,
        "covid": 0.9758206355078907,
        "general": 0.09842116701288761,
        "politics": 0.4094869920821347
    },
    "general": {
        "gossip": 0.33333333333333326,
        "notredame": 0.4568636433043213,
        "islam": 0.4381974769529354,
        "syria": 0.3710144927536232,
        "covid": 0.3618230656650915,
        "general": 0.9714988122815391,
        "politics": 0.3868538699338985
    },
    "politics": {
        "gossip": 0.5920075321686369,
        "notredame": 0.32429607307656083,
        "islam": 0.39941007060572276,
        "syria": 0.5189189189189188,
        "covid": 0.574229538215263,
        "general": 0.22298504413824566,
        "politics": 0.9455142500826353
    }
}