{
    "gossip": {
        "gossip": 0.7383252818035427,
        "notredame": 0.6313854083969026,
        "islam": 0.5,
        "syria": 0.49184298954986894,
        "covid": 0.5165051497019688,
        "general": 0.47823621360375923,
        "politics": 0.8323376827332478
    },
    "notredame": {
        "gossip": 0.7406369955389563,
        "notredame": 0.9173112211086895,
        "islam": 0.5052244763783226,
        "syria": 0.3993098190281289,
        "covid": 0.7185906925152621,
        "general": 0.3294990790203825,
        "politics": 0.6257189792993295
    },
    "islam": {
        "gossip": 0.6871966346672419,
        "notredame": 0.9287425723595936,
        "islam": 0.9166666666666666,
        "syria": 0.36334391534391536,
        "covid": 0.6536378212381259,
        "general": 0.203157796445888,
        "politics": 0.7198305532407526
    },
    "syria": {
        "gossip": 0.7671829132503291,
        "notredame": 0.887509130752374,
        "islam": 0.870572422517394,
        "syria": 0.4967283296021366,
        "covid": 0.7698603842065287,
        "general": 0.522246640326851,
        "politics": 0.7076505565472248
    },
    "covid": {
        "gossip": 0.4165398274987316,
        "notredame": 0.8577062908860144,
        "islam": 0.30976430976430974,
        "syria": 0.35598396267270166,
        "covid": 0.9739223459583084,
        "general": 0.09343964727955793,
        "politics": 0.5798437697461899
    },
    "general": {
        "gossip": 0.33333333333333326,
        "notredame": 0.46118028140500045,
        "islam": 0.4381974769529354,
        "syria": 0.3710144927536232,
        "covid": 0.3607665121815625,
        "general": 0.9719276103590757,
        "politics": 0.38680606335926637
    },
    "politics": {
        "gossip": 0.5847828526540231,
        "notredame": 0.4088525431809014,
        "islam": 0.555250913924892,
        "syria": 0.5242779078844653,
        "covid": 0.7147339189670284,
        "general": 0.24417982490467122,
        "politics": 0.9471367129792594
    }
}