{
    "politics": 0.5913628687695847,
    "general": 0.4652438751183587,
    "covid": 0.5821196664211622,
    "syria": 0.6240440622663649,
    "islam": 0.7162390094766686,
    "notredame": 0.7260045022691936,
    "gossip": 0.7498185230006515
}