{
    "politics": {
        "politics": 0.9461857213261708,
        "general": 0.5658390752774478,
        "covid": 0.4329567775552534,
        "syria": 0.44418463037388867,
        "islam": 0.6105148624248794,
        "notredame": 0.4937369891286942,
        "gossip": 0.5967741935483871
    },
    "general": {
        "politics": 0.3870761772726313,
        "general": 0.9725982162642668,
        "covid": 0.35970815038969056,
        "syria": 0.3710144927536232,
        "islam": 0.4381974769529354,
        "notredame": 0.46118028140500045,
        "gossip": 0.33333333333333326
    },
    "covid": {
        "politics": 0.9244286269658041,
        "general": 0.20360287325398602,
        "covid": 0.9791429435327471,
        "syria": 0.5755705749828582,
        "islam": 0.23528602860286027,
        "notredame": 0.6171626171626171,
        "gossip": 0.4165398274987316
    },
    "syria": {
        "politics": 0.9272337046849011,
        "general": 0.3494179866244704,
        "covid": 0.9648518656040936,
        "syria": 0.5016393442622951,
        "islam": 0.26446969696969697,
        "notredame": 0.8131329103426312,
        "gossip": 0.41561477325853197
    },
    "islam": {
        "politics": 0.9357517350313685,
        "general": 0.35320263584692674,
        "covid": 0.9269899989847649,
        "syria": 0.45330147633585527,
        "islam": 0.9307208994708994,
        "notredame": 0.8396707878090856,
        "gossip": 0.5523528769516323
    },
    "notredame": {
        "politics": 0.9347530993078073,
        "general": 0.28874181133217486,
        "covid": 0.9128680374435837,
        "syria": 0.5285206619961418,
        "islam": 0.8966712983277267,
        "notredame": 0.9456941413463152,
        "gossip": 0.6138996138996139
    },
    "gossip": {
        "politics": 0.9373058597827947,
        "general": 0.7112825427694976,
        "covid": 0.806898834768966,
        "syria": 0.39453333333333335,
        "islam": 0.8999326458565589,
        "notredame": 0.7083930019169716,
        "gossip": 0.7947454844006568
    }
}