{
    "politics": 0.9461857213261818,
    "general": 0.6634894325805464,
    "covid": 0.6845490157693557,
    "syria": 0.6699267323312523,
    "islam": 0.7164888540324158,
    "notredame": 0.7409395042309305,
    "gossip": 0.7498185230006515
}