{
    "politics": {
        "politics": 0.9364329895742334,
        "general": 0.4104617312835992,
        "covid": 0.40423953267475793,
        "syria": 0.424901553028627,
        "islam": 0.3539496527777778,
        "notredame": 0.4016896513476541,
        "gossip": 0.4295634920634921
    },
    "general": {
        "politics": 0.8298734863044817,
        "general": 0.9695286527619127,
        "covid": 0.368124726873734,
        "syria": 0.3710144927536232,
        "islam": 0.4381974769529354,
        "notredame": 0.46544868891237606,
        "gossip": 0.33333333333333326
    },
    "covid": {
        "politics": 0.9204983130066625,
        "general": 0.7338062327896382,
        "covid": 0.9336276071636009,
        "syria": 0.46434712902266523,
        "islam": 0.27525252525252525,
        "notredame": 0.267987987987988,
        "gossip": 0.4916485112563544
    },
    "syria": {
        "politics": 0.918142005823498,
        "general": 0.7753334239769051,
        "covid": 0.9331094322062764,
        "syria": 0.4741061755146262,
        "islam": 0.3857565011820331,
        "notredame": 0.28086194302410517,
        "gossip": 0.5383380168606985
    },
    "islam": {
        "politics": 0.9074189655173689,
        "general": 0.8192002147108975,
        "covid": 0.9222266269412085,
        "syria": 0.5088733798604187,
        "islam": 0.8810191038067143,
        "notredame": 0.36172084273350097,
        "gossip": 0.5039272426622571
    },
    "notredame": {
        "politics": 0.9041050294775711,
        "general": 0.8024902169204648,
        "covid": 0.9174713220200443,
        "syria": 0.47533156498673745,
        "islam": 0.8956927575348629,
        "notredame": 0.8103884047207361,
        "gossip": 0.4745691467002942
    },
    "gossip": {
        "politics": 0.9019206328173365,
        "general": 0.8172655236789605,
        "covid": 0.9155938686590638,
        "syria": 0.49674679664709576,
        "islam": 0.8956927575348629,
        "notredame": 0.7923301575512824,
        "gossip": 0.6363636363636364
    }
}