{
    "politics": 0.510010125978819,
    "general": 0.5345062612016309,
    "covid": 0.5765281096464987,
    "syria": 0.6027689157989714,
    "islam": 0.6956456096733014,
    "notredame": 0.7450913058820235,
    "gossip": 0.7744379528022635
}