{
    "politics": 0.9364329895742464,
    "general": 0.8986515218020777,
    "covid": 0.8249670930681892,
    "syria": 0.756528965335455,
    "islam": 0.7903449760951846,
    "notredame": 0.7867647283687499,
    "gossip": 0.7667953355105318
}