{
    "politics": 0.936165874593653,
    "general": 0.8620091399451091,
    "covid": 0.746896391533548,
    "syria": 0.7064551202266598,
    "islam": 0.7645614359195175,
    "notredame": 0.78784360621302,
    "gossip": 0.7733925232760587
}