{
    "politics": 0.5166567580207675,
    "general": 0.53626007443218,
    "covid": 0.5561102903293016,
    "syria": 0.6074725892039746,
    "islam": 0.6994215988733529,
    "notredame": 0.7642543654757129,
    "gossip": 0.7733925232760587
}