{
    "politics": {
        "politics": 0.9374273793047684,
        "general": 0.4071023297626274,
        "covid": 0.42008748608752555,
        "syria": 0.4400581814227261,
        "islam": 0.3454613584850479,
        "notredame": 0.4415770079244772,
        "gossip": 0.4479205005520795
    },
    "general": {
        "politics": 0.7541192882876039,
        "general": 0.9688359806357031,
        "covid": 0.3639307702792888,
        "syria": 0.3710144927536232,
        "islam": 0.4381974769529354,
        "notredame": 0.46544868891237606,
        "gossip": 0.33333333333333326
    },
    "covid": {
        "politics": 0.9216931805119332,
        "general": 0.6110810184271069,
        "covid": 0.9426591347802312,
        "syria": 0.42083333333333334,
        "islam": 0.27525252525252525,
        "notredame": 0.32444606768931095,
        "gossip": 0.4498975299320462
    },
    "syria": {
        "politics": 0.9169082206104715,
        "general": 0.6677917833391093,
        "covid": 0.9412546226799537,
        "syria": 0.4811137378513265,
        "islam": 0.38127709829806516,
        "notredame": 0.28552851831329357,
        "gossip": 0.48263118994826315
    },
    "islam": {
        "politics": 0.9176915108529962,
        "general": 0.7324238130008286,
        "covid": 0.9273700342889268,
        "syria": 0.47798353909465024,
        "islam": 0.8585390946502057,
        "notredame": 0.43506955231093164,
        "gossip": 0.5538956323270048
    },
    "notredame": {
        "politics": 0.9156683400816208,
        "general": 0.728155028298792,
        "covid": 0.925408381037554,
        "syria": 0.5307217456401948,
        "islam": 0.8742437991530552,
        "notredame": 0.8083260565530069,
        "gossip": 0.524865378523915
    },
    "gossip": {
        "politics": 0.9152900958592805,
        "general": 0.7180718422228292,
        "covid": 0.9335692935010151,
        "syria": 0.5485411140583555,
        "islam": 0.8535289436206752,
        "notredame": 0.7760305714179161,
        "gossip": 0.7898108297467721
    }
}