{
    "politics": 0.9374273793047819,
    "general": 0.8570753025555625,
    "covid": 0.7826675581756382,
    "syria": 0.7250217537826422,
    "islam": 0.760996225330895,
    "notredame": 0.7791049431555624,
    "gossip": 0.7744379528022635
}