{
    "politics": 0.5078077610360027,
    "general": 0.5532422890853972,
    "covid": 0.6106032829962132,
    "syria": 0.6369779335821105,
    "islam": 0.7051299767455179,
    "notredame": 0.744631096162053,
    "gossip": 0.7667953355105318
}