{
    "politics": {
        "politics": 0.9361658745936398,
        "general": 0.4062782913247948,
        "covid": 0.3753386052701867,
        "syria": 0.39673336055532865,
        "islam": 0.36625300612319556,
        "notredame": 0.44826237363550797,
        "gossip": 0.5164524118410189
    },
    "general": {
        "politics": 0.7610628632369407,
        "general": 0.9707865408851223,
        "covid": 0.36287781648882755,
        "syria": 0.3710144927536232,
        "islam": 0.4381974769529354,
        "notredame": 0.46544868891237606,
        "gossip": 0.33333333333333326
    },
    "covid": {
        "politics": 0.922449262191048,
        "general": 0.5068168061342463,
        "covid": 0.9341170735322253,
        "syria": 0.43364102564102563,
        "islam": 0.278627061650324,
        "notredame": 0.34079365724935345,
        "gossip": 0.3922393641888733
    },
    "syria": {
        "politics": 0.9213054030499878,
        "general": 0.6335610900751005,
        "covid": 0.923507957624498,
        "syria": 0.4649817318919734,
        "islam": 0.37397119341563784,
        "notredame": 0.44095332790984965,
        "gossip": 0.4832575444398512
    },
    "islam": {
        "politics": 0.9213375548386536,
        "general": 0.723423209986204,
        "covid": 0.9043489519094435,
        "syria": 0.5083280920492804,
        "islam": 0.8814281924548323,
        "notredame": 0.5010212686913718,
        "gossip": 0.54
    },
    "notredame": {
        "politics": 0.9195460917873493,
        "general": 0.7734028736490994,
        "covid": 0.8974556525013141,
        "syria": 0.515686274509804,
        "islam": 0.8891534391534393,
        "notredame": 0.8340263340263341,
        "gossip": 0.6214833759590792
    },
    "gossip": {
        "politics": 0.9174721203389404,
        "general": 0.7972773232274731,
        "covid": 0.8993130051358521,
        "syria": 0.48607787274453945,
        "islam": 0.875297619047619,
        "notredame": 0.8168696865879964,
        "gossip": 0.7144022847817217
    }
}