{
    "gossip": 0.5032683476432109,
    "notredame": 0.5306296343682751,
    "islam": 0.5584663529308573,
    "syria": 0.5366291832664547,
    "covid": 0.39653293361143527,
    "general": 0.5169492654992643,
    "politics": 0.8681162322315189
}