{
    "gossip": 0.5494752800801442,
    "notredame": 0.6042600758386152,
    "islam": 0.6581099942849737,
    "syria": 0.6275146221900367,
    "covid": 0.6018995614978725,
    "general": 0.6692110206827362,
    "politics": 0.7012035768447975
}