{
    "gossip": 0.5684546172632085,
    "notredame": 0.6250077764156463,
    "islam": 0.6736747098124283,
    "syria": 0.6285346645906695,
    "covid": 0.5763062663328252,
    "general": 0.6979845925085694,
    "politics": 0.708968049159719
}