{
    "gossip": {
        "gossip": 0.5279146141215106,
        "notredame": 0.4619920144280177,
        "islam": 0.5107635841035437,
        "syria": 0.3815354615294098,
        "covid": 0.5625962827551539,
        "general": 0.9193333993181131,
        "politics": 0.44398932831185006
    },
    "notredame": {
        "gossip": 0.5151515151515151,
        "notredame": 0.8258522082051494,
        "islam": 0.4270317888738941,
        "syria": 0.5820947062929356,
        "covid": 0.5572647061551228,
        "general": 0.821391887165523,
        "politics": 0.496558121716863
    },
    "islam": {
        "gossip": 0.5276856597326902,
        "notredame": 0.806502453561277,
        "islam": 0.9151234567901234,
        "syria": 0.6221163390907286,
        "covid": 0.5618941633601189,
        "general": 0.7405278766553671,
        "politics": 0.542197702177643
    },
    "syria": {
        "gossip": 0.48872180451127817,
        "notredame": 0.8002228513374862,
        "islam": 0.9151234567901234,
        "syria": 0.49359428393911153,
        "covid": 0.5428443193373473,
        "general": 0.7429134084975263,
        "politics": 0.517423224268525
    },
    "covid": {
        "gossip": 0.36050156739811906,
        "notredame": 0.8393835306878786,
        "islam": 0.9305555555555556,
        "syria": 0.506120304701865,
        "covid": 0.9379237697556522,
        "general": 0.12343092408365622,
        "politics": 0.3561999269434895
    },
    "general": {
        "gossip": 0.38095238095238093,
        "notredame": 0.7212046220697987,
        "islam": 0.697542735042735,
        "syria": 0.43924680983504516,
        "covid": 0.8685448256838907,
        "general": 0.9718039824799217,
        "politics": 0.38794625878965633
    },
    "politics": {
        "gossip": 0.40476190476190466,
        "notredame": 0.679769605671245,
        "islam": 0.7861274710293116,
        "syria": 0.3726724364017833,
        "covid": 0.8444541635142203,
        "general": 0.7595525013973367,
        "politics": 0.909554613702511
    }
}