{
    "gossip": 0.5684546172632085,
    "notredame": 0.6250077764156463,
    "islam": 0.6736747098124283,
    "syria": 0.6251599459990281,
    "covid": 0.5692238725090729,
    "general": 0.6952287759509603,
    "politics": 0.707356057050009
}