{
    "politics": {
        "politics": 0.9265536406520012,
        "general": 0.34010249780691626,
        "covid": 0.519343507751938,
        "syria": 0.3603508771929825,
        "islam": 0.34979204524327856,
        "notredame": 0.29287398429431594,
        "gossip": 0.3710691823899371
    },
    "general": {
        "politics": 0.9122055388722055,
        "general": 0.7831885856079404,
        "covid": 0.5026315208303755,
        "syria": 0.3633770014556041,
        "islam": 0.5497076023391814,
        "notredame": 0.43498953498953496,
        "gossip": 0.4106583072100314
    },
    "covid": {
        "politics": 0.9122055388722055,
        "general": 0.7735862691960252,
        "covid": 0.8387012987012987,
        "syria": 0.3633770014556041,
        "islam": 0.5517151261729956,
        "notredame": 0.41524743133938535,
        "gossip": 0.4106583072100314
    },
    "syria": {
        "politics": 0.9122055388722055,
        "general": 0.7638290398126464,
        "covid": 0.8317599409789663,
        "syria": 0.36513471177944856,
        "islam": 0.5434382776154928,
        "notredame": 0.4016896513476541,
        "gossip": 0.4106583072100314
    },
    "islam": {
        "politics": 0.9122055388722055,
        "general": 0.7687272727272727,
        "covid": 0.8387012987012987,
        "syria": 0.36513471177944856,
        "islam": 0.7587631709079843,
        "notredame": 0.4016896513476541,
        "gossip": 0.4106583072100314
    },
    "notredame": {
        "politics": 0.9122055388722055,
        "general": 0.7638290398126464,
        "covid": 0.8387012987012987,
        "syria": 0.36513471177944856,
        "islam": 0.7587631709079843,
        "notredame": 0.6707579848893981,
        "gossip": 0.4106583072100314
    },
    "gossip": {
        "politics": 0.9122055388722055,
        "general": 0.7638290398126464,
        "covid": 0.8524893604267817,
        "syria": 0.36513471177944856,
        "islam": 0.7587631709079843,
        "notredame": 0.6707579848893981,
        "gossip": 0.4106583072100314
    }
}