{
    "politics": 0.5132037965360253,
    "general": 0.6132714935036857,
    "covid": 0.6575921804025155,
    "syria": 0.6526544624748988,
    "islam": 0.6897899680510847,
    "notredame": 0.7079893470099846,
    "gossip": 0.708968049159719
}