{
    "gossip": {
        "gossip": 0.5279146141215106,
        "notredame": 0.4619920144280177,
        "islam": 0.5107635841035437,
        "syria": 0.37490636252086984,
        "covid": 0.5953042893510735,
        "general": 0.9174468085106383,
        "politics": 0.5169611171609761
    },
    "notredame": {
        "gossip": 0.5151515151515151,
        "notredame": 0.8258522082051494,
        "islam": 0.4270317888738941,
        "syria": 0.6202534347072163,
        "covid": 0.5833116883116883,
        "general": 0.8463961430293291,
        "politics": 0.5595477159656265
    },
    "islam": {
        "gossip": 0.5276856597326902,
        "notredame": 0.806502453561277,
        "islam": 0.9151234567901234,
        "syria": 0.6557921936624507,
        "covid": 0.5469084874348034,
        "general": 0.7335863377609108,
        "politics": 0.6266951060552198
    },
    "syria": {
        "gossip": 0.48872180451127817,
        "notredame": 0.8002228513374862,
        "islam": 0.9151234567901234,
        "syria": 0.46884897360703814,
        "covid": 0.5526779600729181,
        "general": 0.7035897435897436,
        "politics": 0.5659987856709169
    },
    "covid": {
        "gossip": 0.3658041603247082,
        "notredame": 0.8308718166985883,
        "islam": 0.9237060701992829,
        "syria": 0.49989754748628673,
        "covid": 0.9132055349509214,
        "general": 0.08991282689912827,
        "politics": 0.2157716468164229
    },
    "general": {
        "gossip": 0.37996031746031744,
        "notredame": 0.7050908757839082,
        "islam": 0.6671376937964616,
        "syria": 0.4811428571428572,
        "covid": 0.9125151693090625,
        "general": 0.9701010101010102,
        "politics": 0.4581466113416321
    },
    "politics": {
        "gossip": 0.4106583072100314,
        "notredame": 0.6707579848893981,
        "islam": 0.7587631709079843,
        "syria": 0.36513471177944856,
        "covid": 0.8524893604267817,
        "general": 0.7638290398126464,
        "politics": 0.9122055388722055
    }
}