{
    "politics": 0.5126474780940475,
    "general": 0.6134752759426658,
    "covid": 0.6609000538701533,
    "syria": 0.6527950687688161,
    "islam": 0.6839800746836118,
    "notredame": 0.7051674482377893,
    "gossip": 0.707356057050009
}