{
    "politics": 0.7892911933486135,
    "general": 0.8410279257394859,
    "covid": 0.8664663888994028,
    "syria": 0.8662093108863455,
    "islam": 0.8675675731417146,
    "notredame": 0.8680024223260531,
    "gossip": 0.8681162322315189
}