{
    "politics": 0.46036591938276633,
    "general": 0.4649177603365348,
    "covid": 0.4114427861183536,
    "syria": 0.6019743037212837,
    "islam": 0.5715517482696599,
    "notredame": 0.5880634582765379,
    "gossip": 0.6437704618751139
}