{
    "politics": 0.9362200262463534,
    "general": 0.6601560644827826,
    "covid": 0.4991663699153825,
    "syria": 0.6054288887355784,
    "islam": 0.6114920141145602,
    "notredame": 0.5994016695343138,
    "gossip": 0.6437704618751139
}