{
    "politics": 0.9366399511358953,
    "general": 0.6601560644827826,
    "covid": 0.5355012725342527,
    "syria": 0.6016642315683439,
    "islam": 0.7035425884210548,
    "notredame": 0.6615340024712394,
    "gossip": 0.6431998543074137
}