{
    "politics": 0.936850815366281,
    "general": 0.6601560644827826,
    "covid": 0.5539639245636084,
    "syria": 0.5923228935077294,
    "islam": 0.6518873894304796,
    "notredame": 0.6234451502763854,
    "gossip": 0.6537581321732349
}