{
    "politics": {
        "politics": 0.9366399511358827,
        "general": 0.20743489224497597,
        "covid": 0.5167801359655558,
        "syria": 0.3824271422357547,
        "islam": 0.3695921985815603,
        "notredame": 0.25418614102824627,
        "gossip": 0.33333333333333326
    },
    "general": {
        "politics": 0.3868309772079743,
        "general": 0.9680021644592334,
        "covid": 0.35970815038969056,
        "syria": 0.3710144927536232,
        "islam": 0.4381974769529354,
        "notredame": 0.46544868891237606,
        "gossip": 0.33333333333333326
    },
    "covid": {
        "politics": 0.6141229498182391,
        "general": 0.07278744620089801,
        "covid": 0.93745505777718,
        "syria": 0.29432918395574,
        "islam": 0.25002620994643643,
        "notredame": 0.3673481173481174,
        "gossip": 0.3710691823899371
    },
    "syria": {
        "politics": 0.6631379990112738,
        "general": 0.5892637535526035,
        "covid": 0.7672285794788866,
        "syria": 0.45513043478260873,
        "islam": 0.6135648360224631,
        "notredame": 0.6138550060587387,
        "gossip": 0.5353535353535354
    },
    "islam": {
        "politics": 0.7732038402359399,
        "general": 0.6517702501542488,
        "covid": 0.849895423011286,
        "syria": 0.37859999999999994,
        "islam": 0.87464915797915,
        "notredame": 0.5258166429278986,
        "gossip": 0.6093337556752191
    },
    "notredame": {
        "politics": 0.7040320183207825,
        "general": 0.2657147836793347,
        "covid": 0.8521271882753255,
        "syria": 0.5686367218282111,
        "islam": 0.7517414860681115,
        "notredame": 0.8718087806115975,
        "gossip": 0.568536342515765
    },
    "gossip": {
        "politics": 0.7388563155453002,
        "general": 0.5180561710638739,
        "covid": 0.7366483742227466,
        "syria": 0.5197918597896349,
        "islam": 0.7382695012441849,
        "notredame": 0.6875639306253268,
        "gossip": 0.6398559423769509
    }
}