{
    "politics": {
        "politics": 0.9368508153662678,
        "general": 0.19850198153526738,
        "covid": 0.5590116810690331,
        "syria": 0.4161162044318284,
        "islam": 0.30246845114857535,
        "notredame": 0.2276260030200894,
        "gossip": 0.32432432432432434
    },
    "general": {
        "politics": 0.3868309772079743,
        "general": 0.9680021644592334,
        "covid": 0.35970815038969056,
        "syria": 0.3710144927536232,
        "islam": 0.4381974769529354,
        "notredame": 0.46544868891237606,
        "gossip": 0.33333333333333326
    },
    "covid": {
        "politics": 0.6531532829913214,
        "general": 0.10310319345612515,
        "covid": 0.9340898132845772,
        "syria": 0.3356125356125356,
        "islam": 0.25002620994643643,
        "notredame": 0.30265400535670806,
        "gossip": 0.4165398274987316
    },
    "syria": {
        "politics": 0.6084041152534809,
        "general": 0.5113721276609762,
        "covid": 0.8396034520691072,
        "syria": 0.5189695550351288,
        "islam": 0.5310672514619884,
        "notredame": 0.6051499260454485,
        "gossip": 0.5586380832282472
    },
    "islam": {
        "politics": 0.695813678474635,
        "general": 0.42882352724565975,
        "covid": 0.8661395353400045,
        "syria": 0.48958027295441137,
        "islam": 0.8742437991530552,
        "notredame": 0.45155870155870154,
        "gossip": 0.5543672014260249
    },
    "notredame": {
        "politics": 0.6350700338539856,
        "general": 0.23800187070933695,
        "covid": 0.8875724166067108,
        "syria": 0.3356125356125356,
        "islam": 0.7271397646983085,
        "notredame": 0.8630900403950048,
        "gossip": 0.5413333333333334
    },
    "gossip": {
        "politics": 0.7671633627077409,
        "general": 0.5687895947341921,
        "covid": 0.7079875674715299,
        "syria": 0.5519106407995298,
        "islam": 0.7382695012441849,
        "notredame": 0.6679358727262918,
        "gossip": 0.639423076923077
    }
}