{
    "politics": 0.44470341790057016,
    "general": 0.4649177603365348,
    "covid": 0.4303960708006293,
    "syria": 0.5983522064720008,
    "islam": 0.6735465484950834,
    "notredame": 0.6511741548851839,
    "gossip": 0.6431998543074137
}