{
    "politics": {
        "politics": 0.9362200262463399,
        "general": 0.15303934996865737,
        "covid": 0.5974213069848887,
        "syria": 0.4727774492410802,
        "islam": 0.332591214042827,
        "notredame": 0.23550404624573423,
        "gossip": 0.33333333333333326
    },
    "general": {
        "politics": 0.3868309772079743,
        "general": 0.9680021644592334,
        "covid": 0.35970815038969056,
        "syria": 0.3710144927536232,
        "islam": 0.4381974769529354,
        "notredame": 0.46544868891237606,
        "gossip": 0.33333333333333326
    },
    "covid": {
        "politics": 0.5071183273876396,
        "general": 0.06108735902257981,
        "covid": 0.934161387589176,
        "syria": 0.296969696969697,
        "islam": 0.25002620994643643,
        "notredame": 0.376855728968405,
        "gossip": 0.3551783129359126
    },
    "syria": {
        "politics": 0.710362093632223,
        "general": 0.5837735424243925,
        "covid": 0.7571353221130996,
        "syria": 0.43116883116883115,
        "islam": 0.5374154589371981,
        "notredame": 0.6252282382717166,
        "gossip": 0.5755517826825127
    },
    "islam": {
        "politics": 0.7198606003171151,
        "general": 0.36866370607685117,
        "covid": 0.7090354789861967,
        "syria": 0.4309574217831099,
        "islam": 0.8619306757583706,
        "notredame": 0.3304583580445649,
        "gossip": 0.46576007770762506
    },
    "notredame": {
        "politics": 0.62826524300429,
        "general": 0.24159001470069538,
        "covid": 0.7537645407443824,
        "syria": 0.3266979204231278,
        "islam": 0.7244884744884745,
        "notredame": 0.8226806398234969,
        "gossip": 0.4761904761904762
    },
    "gossip": {
        "politics": 0.743713417271758,
        "general": 0.6288210776885438,
        "covid": 0.6825352852423361,
        "syria": 0.5254826254826255,
        "islam": 0.7130460738867819,
        "notredame": 0.6952368636579163,
        "gossip": 0.6096486838154338
    }
}