{
    "politics": 0.4397820700779889,
    "general": 0.4649177603365348,
    "covid": 0.44198475833280443,
    "syria": 0.5828474112977342,
    "islam": 0.6170691584961677,
    "notredame": 0.6119151365155144,
    "gossip": 0.6537581321732349
}