{
    "politics": 0.9330070593619185,
    "general": 0.7414115367509199,
    "covid": 0.8323229038794773,
    "syria": 0.7578241454517661,
    "islam": 0.7844719030413175,
    "notredame": 0.785540331097977,
    "gossip": 0.76954615508536
}