{
    "politics": {
        "politics": 0.9342674722411782,
        "general": 0.2060840726568317,
        "covid": 0.43068327147104135,
        "syria": 0.45664488017429194,
        "islam": 0.3913568699138378,
        "notredame": 0.30265400535670806,
        "gossip": 0.3551783129359126
    },
    "general": {
        "politics": 0.4634779668427074,
        "general": 0.9668915022149964,
        "covid": 0.4749093543410426,
        "syria": 0.3710144927536232,
        "islam": 0.5297459893048129,
        "notredame": 0.4775566246154481,
        "gossip": 0.35031185031185025
    },
    "covid": {
        "politics": 0.8994674222334732,
        "general": 0.712552811196482,
        "covid": 0.9378965588511164,
        "syria": 0.4870912082179688,
        "islam": 0.5014387726054473,
        "notredame": 0.5781579257263271,
        "gossip": 0.529239460194581
    },
    "syria": {
        "politics": 0.8970754999050511,
        "general": 0.7246162935515646,
        "covid": 0.9360129850852549,
        "syria": 0.5034685479129923,
        "islam": 0.4873947943689811,
        "notredame": 0.605728535553097,
        "gossip": 0.5366079703429101
    },
    "islam": {
        "politics": 0.8887970334022472,
        "general": 0.7368729468752898,
        "covid": 0.9355562466715643,
        "syria": 0.5015686274509803,
        "islam": 0.9021896215634873,
        "notredame": 0.57108442209288,
        "gossip": 0.5584102769971898
    },
    "notredame": {
        "politics": 0.8877180827055043,
        "general": 0.7455865851169029,
        "covid": 0.9331773643103893,
        "syria": 0.5095960895291999,
        "islam": 0.8888888888888888,
        "notredame": 0.8070595159202755,
        "gossip": 0.5276856597326902
    },
    "gossip": {
        "politics": 0.8583844100276019,
        "general": 0.8124390202656349,
        "covid": 0.9250661483858538,
        "syria": 0.5311475409836066,
        "islam": 0.8814281924548323,
        "notredame": 0.7997991022381267,
        "gossip": 0.6471418489767115
    }
}