{
    "politics": 0.46262206370695513,
    "general": 0.5179585563220416,
    "covid": 0.6570769618730626,
    "syria": 0.6575151394619931,
    "islam": 0.7127951115507537,
    "notredame": 0.7420311888152948,
    "gossip": 0.7659397966478083
}