{
    "politics": {
        "politics": 0.9337495152458059,
        "general": 0.1998505954720066,
        "covid": 0.4320496207973405,
        "syria": 0.46847584394582575,
        "islam": 0.36517489711934153,
        "notredame": 0.30265400535670806,
        "gossip": 0.37629937629937626
    },
    "general": {
        "politics": 0.49474978469799963,
        "general": 0.9662768250838125,
        "covid": 0.4871782866056273,
        "syria": 0.3710144927536232,
        "islam": 0.5282921810699589,
        "notredame": 0.46439070649596964,
        "gossip": 0.35031185031185025
    },
    "covid": {
        "politics": 0.8974192310701022,
        "general": 0.7486923439964525,
        "covid": 0.938852913643516,
        "syria": 0.4258064516129032,
        "islam": 0.5188220678342259,
        "notredame": 0.5362091876516906,
        "gossip": 0.529239460194581
    },
    "syria": {
        "politics": 0.8926958203857661,
        "general": 0.7618352317512636,
        "covid": 0.9355369455718083,
        "syria": 0.5144032921810701,
        "islam": 0.5093800322061192,
        "notredame": 0.5362091876516906,
        "gossip": 0.5538956323270048
    },
    "islam": {
        "politics": 0.8799756813134819,
        "general": 0.7830461945599189,
        "covid": 0.9341128294298351,
        "syria": 0.5634440199823686,
        "islam": 0.9021896215634873,
        "notredame": 0.56020719916149,
        "gossip": 0.5383380168606985
    },
    "notredame": {
        "politics": 0.8790435991305228,
        "general": 0.7842516147424464,
        "covid": 0.9331648125870988,
        "syria": 0.587697129983348,
        "islam": 0.8820911993988917,
        "notredame": 0.7886842317222065,
        "gossip": 0.5169082125603864
    },
    "gossip": {
        "politics": 0.8585506981489424,
        "general": 0.8252575703629423,
        "covid": 0.9303207620588904,
        "syria": 0.5398001175778954,
        "islam": 0.87464915797915,
        "notredame": 0.8179991838528424,
        "gossip": 0.64996499649965
    }
}