{
    "politics": 0.4580558413713843,
    "general": 0.5335497017657795,
    "covid": 0.6783524644294361,
    "syria": 0.6595782407767906,
    "islam": 0.7166138625866734,
    "notredame": 0.7572168416161832,
    "gossip": 0.76954615508536
}