{
    "politics": {
        "politics": 0.9330070593619038,
        "general": 0.17478942614060938,
        "covid": 0.4226849536779671,
        "syria": 0.4892255892255893,
        "islam": 0.38535839888011103,
        "notredame": 0.28552851831329357,
        "gossip": 0.3551783129359126
    },
    "general": {
        "politics": 0.5418797692264137,
        "general": 0.9664327451623748,
        "covid": 0.4767713423216804,
        "syria": 0.3710144927536232,
        "islam": 0.5520649153826723,
        "notredame": 0.4767741344553209,
        "gossip": 0.35031185031185025
    },
    "covid": {
        "politics": 0.8880585611240597,
        "general": 0.7735698977901397,
        "covid": 0.9388447029907941,
        "syria": 0.5159159159159159,
        "islam": 0.5647180242383274,
        "notredame": 0.5063550194669786,
        "gossip": 0.6032956972841013
    },
    "syria": {
        "politics": 0.8846322545530007,
        "general": 0.7712407999922559,
        "covid": 0.9379048968007797,
        "syria": 0.5396993810786913,
        "islam": 0.5138888888888888,
        "notredame": 0.4739125090002283,
        "gossip": 0.5757575757575758
    },
    "islam": {
        "politics": 0.8783953110098334,
        "general": 0.7784733407433909,
        "covid": 0.9369609408617695,
        "syria": 0.5333333333333333,
        "islam": 0.8956927575348629,
        "notredame": 0.4920534569657377,
        "gossip": 0.5896306676008407
    },
    "notredame": {
        "politics": 0.874367300313694,
        "general": 0.7841587661279991,
        "covid": 0.9359957998738282,
        "syria": 0.5822485207100592,
        "islam": 0.87464915797915,
        "notredame": 0.7583773391271589,
        "gossip": 0.5889724310776943
    },
    "gossip": {
        "politics": 0.857472730538948,
        "general": 0.8035073762245005,
        "covid": 0.9341211980735431,
        "syria": 0.5437493103828754,
        "islam": 0.8888888888888888,
        "notredame": 0.8094333390337551,
        "gossip": 0.639423076923077
    }
}