{
    "politics": 0.9337495152458203,
    "general": 0.7162939141738821,
    "covid": 0.8248831887832015,
    "syria": 0.7507801089719576,
    "islam": 0.7926500193271776,
    "notredame": 0.793015816115738,
    "gossip": 0.7730765292913478
}