{
    "politics": 0.4584242322439154,
    "general": 0.522011101871621,
    "covid": 0.6601144997795898,
    "syria": 0.6620957470201133,
    "islam": 0.7244743355995342,
    "notredame": 0.7544164818105062,
    "gossip": 0.7730765292913478
}