{
    "politics": 0.9342674722411929,
    "general": 0.7000444701188994,
    "covid": 0.8107937467403591,
    "syria": 0.7371589199279536,
    "islam": 0.7709709524774794,
    "notredame": 0.7770102353549116,
    "gossip": 0.7659397966478083
}