{
    "politics": 0.93012944271565,
    "general": 0.9493873899725445,
    "covid": 0.9211626337087772,
    "syria": 0.5141414141414142,
    "islam": 0.8250280938334035,
    "notredame": 0.7401954628447828,
    "gossip": 0.5920032639738882
}