{
    "politics": {
        "politics": 0.943697444470923,
        "general": 0.21316958234161118,
        "covid": 0.40817969395329656,
        "syria": 0.592416050608702,
        "islam": 0.4529916172643353,
        "notredame": 0.28552851831329357,
        "gossip": 0.5442708333333334
    },
    "general": {
        "politics": 0.8966056646859614,
        "general": 0.9514961701160533,
        "covid": 0.3909744460222025,
        "syria": 0.3710144927536232,
        "islam": 0.4537768031189084,
        "notredame": 0.4734633770715709,
        "gossip": 0.3288590604026846
    },
    "covid": {
        "politics": 0.9336489741329091,
        "general": 0.719471627384826,
        "covid": 0.9691831629022136,
        "syria": 0.4895543229510104,
        "islam": 0.4919918916510737,
        "notredame": 0.36524782622343605,
        "gossip": 0.6068152031454784
    },
    "syria": {
        "politics": 0.9362556117352854,
        "general": 0.7352898747940315,
        "covid": 0.9587270964677025,
        "syria": 0.48243559718969564,
        "islam": 0.5412232076866224,
        "notredame": 0.3504355419249036,
        "gossip": 0.548440065681445
    },
    "islam": {
        "politics": 0.9323867958088343,
        "general": 0.6783741292772908,
        "covid": 0.9544304801157462,
        "syria": 0.4547458125183661,
        "islam": 0.8893716944279851,
        "notredame": 0.4266754559437486,
        "gossip": 0.5757575757575758
    },
    "notredame": {
        "politics": 0.9324202278533428,
        "general": 0.7861008569729373,
        "covid": 0.9429215317764652,
        "syria": 0.5452531295003876,
        "islam": 0.9298791486291486,
        "notredame": 0.8378378378378378,
        "gossip": 0.5584102769971898
    },
    "gossip": {
        "politics": 0.9332133484794939,
        "general": 0.7205819400445124,
        "covid": 0.935720720017815,
        "syria": 0.555915995439332,
        "islam": 0.9170287708209889,
        "notredame": 0.8558558558558559,
        "gossip": 0.7064480210547626
    }
}