{
    "politics": 0.48674787473844894,
    "general": 0.5795754119618483,
    "covid": 0.66461802107802,
    "syria": 0.6515684788701779,
    "islam": 0.6960551789088847,
    "notredame": 0.7714157693477568,
    "gossip": 0.7950087824040306
}