{
    "politics": 0.9430047902998603,
    "general": 0.5818121911327686,
    "covid": 0.6763949192997393,
    "syria": 0.6336135421228358,
    "islam": 0.7361396171843141,
    "notredame": 0.7211415275854836,
    "gossip": 0.7366087285368409
}