{
    "politics": {
        "politics": 0.9439167644265373,
        "general": 0.2220522131509436,
        "covid": 0.4967578193835273,
        "syria": 0.49436495454371093,
        "islam": 0.5790005682314887,
        "notredame": 0.2714459232123255,
        "gossip": 0.5384615384615384
    },
    "general": {
        "politics": 0.9418603554777739,
        "general": 0.26673435476413865,
        "covid": 0.5594697167098246,
        "syria": 0.428940877920819,
        "islam": 0.592298035200624,
        "notredame": 0.3145413018652455,
        "gossip": 0.5586380832282472
    },
    "covid": {
        "politics": 0.9399231833468545,
        "general": 0.5748922661537785,
        "covid": 0.8843020944431206,
        "syria": 0.4197220036716497,
        "islam": 0.5762201812715342,
        "notredame": 0.2729983504631392,
        "gossip": 0.6395839769333744
    },
    "syria": {
        "politics": 0.9360117824826629,
        "general": 0.6823925022484634,
        "covid": 0.9197504874643992,
        "syria": 0.41827547592385217,
        "islam": 0.6005084929135562,
        "notredame": 0.29841942141500083,
        "gossip": 0.5882166613873931
    },
    "islam": {
        "politics": 0.9354241417873609,
        "general": 0.6981650433859434,
        "covid": 0.9255757490329647,
        "syria": 0.4488585365853658,
        "islam": 0.8691397492207041,
        "notredame": 0.22418190694052761,
        "gossip": 0.47150735294117646
    },
    "notredame": {
        "politics": 0.9351089438578619,
        "general": 0.7495103550301542,
        "covid": 0.925895856827452,
        "syria": 0.4244131455399061,
        "islam": 0.9168650793650794,
        "notredame": 0.68586228511535,
        "gossip": 0.4574652777777778
    },
    "gossip": {
        "politics": 0.9334309837867284,
        "general": 0.7559797579105044,
        "covid": 0.9278752329439592,
        "syria": 0.45490716180371354,
        "islam": 0.9584325396825398,
        "notredame": 0.8448353791143389,
        "gossip": 0.6392190152801358
    }
}