{
    "politics": 0.47408816018291305,
    "general": 0.5163193847389592,
    "covid": 0.6147288295582073,
    "syria": 0.6402664898615491,
    "islam": 0.6926872227262508,
    "notredame": 0.7245764630387281,
    "gossip": 0.763244358342681
}