{
    "politics": 0.5072399491632806,
    "general": 0.6037571205731864,
    "covid": 0.6554124090991826,
    "syria": 0.6456834880022294,
    "islam": 0.6964590071203774,
    "notredame": 0.7474087168279734,
    "gossip": 0.7718217991632582
}