{
    "politics": {
        "politics": 0.9453948723607865,
        "general": 0.18521174918471767,
        "covid": 0.38615989867347755,
        "syria": 0.5022633744855967,
        "islam": 0.6666666666666666,
        "notredame": 0.3462597212597212,
        "gossip": 0.4761904761904762
    },
    "general": {
        "politics": 0.9174021938293904,
        "general": 0.961337839721188,
        "covid": 0.4550558264365655,
        "syria": 0.3710144927536232,
        "islam": 0.5119977678571428,
        "notredame": 0.5163034001743678,
        "gossip": 0.37629937629937626
    },
    "covid": {
        "politics": 0.9278869737307149,
        "general": 0.698283755710706,
        "covid": 0.9682454695750172,
        "syria": 0.4008064647252979,
        "islam": 0.6122306947470345,
        "notredame": 0.40244553077196477,
        "gossip": 0.4868637110016421
    },
    "syria": {
        "politics": 0.9306119100267057,
        "general": 0.6451633673782744,
        "covid": 0.9658827188261222,
        "syria": 0.49740061162079513,
        "islam": 0.6137905984971775,
        "notredame": 0.4155064155064155,
        "gossip": 0.47240259740259744
    },
    "islam": {
        "politics": 0.9313197456633725,
        "general": 0.6630154826264602,
        "covid": 0.9587782918095301,
        "syria": 0.5383703703703704,
        "islam": 0.9240063233965673,
        "notredame": 0.44076910402645,
        "gossip": 0.45833333333333326
    },
    "notredame": {
        "politics": 0.9320245911397973,
        "general": 0.7074265164786181,
        "covid": 0.9554627652020254,
        "syria": 0.503030303030303,
        "islam": 0.9172545561434452,
        "notredame": 0.8036909819518516,
        "gossip": 0.5160127690248172
    },
    "gossip": {
        "politics": 0.9312892269645331,
        "general": 0.6517681241734541,
        "covid": 0.9492671094098001,
        "syria": 0.49108034072573076,
        "islam": 0.9375776937994131,
        "notredame": 0.8738738738738738,
        "gossip": 0.6874684948079443
    }
}