{
    "politics": 0.9439167644265493,
    "general": 0.5806453408630697,
    "covid": 0.7584981353324471,
    "syria": 0.7281363982955626,
    "islam": 0.7559324395739324,
    "notredame": 0.756549296548596,
    "gossip": 0.7759973123964412
}