{
    "politics": 0.945394872360798,
    "general": 0.9370077301839033,
    "covid": 0.8246895952942864,
    "syria": 0.7378513128823848,
    "islam": 0.7781937536075082,
    "notredame": 0.7834125189774844,
    "gossip": 0.7718217991632582
}