{
    "politics": 0.49477075925509506,
    "general": 0.5688627837450249,
    "covid": 0.6576018794832843,
    "syria": 0.6525827397415587,
    "islam": 0.6949052079242543,
    "notredame": 0.775528429461636,
    "gossip": 0.7870834312197647
}