{
    "politics": 0.9392904933481342,
    "general": 0.575936500685828,
    "covid": 0.7208019610934439,
    "syria": 0.6954128386009069,
    "islam": 0.7545273931286586,
    "notredame": 0.7504714661921063,
    "gossip": 0.763244358342681
}