{
    "politics": {
        "politics": 0.9392904933481224,
        "general": 0.18537991645140056,
        "covid": 0.42483048054389483,
        "syria": 0.49135802469135803,
        "islam": 0.4576527525710829,
        "notredame": 0.2977753263467549,
        "gossip": 0.48717948717948717
    },
    "general": {
        "politics": 0.9364606302302105,
        "general": 0.256701765487215,
        "covid": 0.3649449936613868,
        "syria": 0.45964912280701753,
        "islam": 0.6346707818930041,
        "notredame": 0.3594264282484791,
        "gossip": 0.5983935742971888
    },
    "covid": {
        "politics": 0.9312102129048082,
        "general": 0.38039452501062243,
        "covid": 0.9530761890625202,
        "syria": 0.46939532266932626,
        "islam": 0.6126953125000001,
        "notredame": 0.34079365724935345,
        "gossip": 0.6161616161616161
    },
    "syria": {
        "politics": 0.9333210139586894,
        "general": 0.5169776548513209,
        "covid": 0.9502616362230033,
        "syria": 0.4931978977157873,
        "islam": 0.6571756018004389,
        "notredame": 0.3504355419249036,
        "gossip": 0.6161616161616161
    },
    "islam": {
        "politics": 0.9353002830711464,
        "general": 0.6438088038488418,
        "covid": 0.9483487855218785,
        "syria": 0.46194871794871795,
        "islam": 0.8959628229990221,
        "notredame": 0.39167772973919546,
        "gossip": 0.595959595959596
    },
    "notredame": {
        "politics": 0.9364821096404391,
        "general": 0.6101739393196431,
        "covid": 0.9455024834688148,
        "syria": 0.509684405940594,
        "islam": 0.92387195306357,
        "notredame": 0.6846846846846847,
        "gossip": 0.5538956323270048
    },
    "gossip": {
        "politics": 0.9289205242872502,
        "general": 0.6495745375540742,
        "covid": 0.9336713210808022,
        "syria": 0.5264780845480683,
        "islam": 0.9375776937994131,
        "notredame": 0.8284466518901897,
        "gossip": 0.6587715776796468
    }
}