{
    "politics": 0.48930271114757207,
    "general": 0.5188024981453169,
    "covid": 0.5462681073016356,
    "syria": 0.5794657876171894,
    "islam": 0.665739125869489,
    "notredame": 0.7048109890553174,
    "gossip": 0.7366087285368409
}