{
    "politics": {
        "politics": 0.9430683455581319,
        "general": 0.21402845793959352,
        "covid": 0.4030037306490299,
        "syria": 0.5215287216977089,
        "islam": 0.4849537037037038,
        "notredame": 0.32517132517132513,
        "gossip": 0.5098039215686274
    },
    "general": {
        "politics": 0.9088954193126045,
        "general": 0.9615201959557127,
        "covid": 0.3907837916166411,
        "syria": 0.3710144927536232,
        "islam": 0.4537768031189084,
        "notredame": 0.490812671535563,
        "gossip": 0.3551783129359126
    },
    "covid": {
        "politics": 0.9297384917135622,
        "general": 0.808813885237591,
        "covid": 0.9644493683973931,
        "syria": 0.4712462197085739,
        "islam": 0.6166958041958043,
        "notredame": 0.36780430065101605,
        "gossip": 0.4608890245142916
    },
    "syria": {
        "politics": 0.9287633773403675,
        "general": 0.7686614647921494,
        "covid": 0.9625897606578484,
        "syria": 0.4965001335826877,
        "islam": 0.5883029008029008,
        "notredame": 0.33531277756629874,
        "gossip": 0.44554869756250653
    },
    "islam": {
        "politics": 0.9314738880206728,
        "general": 0.7422152783730157,
        "covid": 0.9616426659909585,
        "syria": 0.5189695550351288,
        "islam": 0.93036064332175,
        "notredame": 0.3143020453763064,
        "gossip": 0.4213342067911344
    },
    "notredame": {
        "politics": 0.928559840523172,
        "general": 0.8365461381998682,
        "covid": 0.9558768863284406,
        "syria": 0.522256600660066,
        "islam": 0.9370101137800254,
        "notredame": 0.8438100843164135,
        "gossip": 0.4288045695634435
    },
    "gossip": {
        "politics": 0.9291643566738809,
        "general": 0.7964178607723794,
        "covid": 0.9516211198048536,
        "syria": 0.4785581349789401,
        "islam": 0.9651259389573037,
        "notredame": 0.8786762272476558,
        "gossip": 0.66
    }
}