{
    "politics": 0.9430683455581438,
    "general": 0.9331846289026073,
    "covid": 0.8702910724563179,
    "syria": 0.7660525060375012,
    "islam": 0.794853961145546,
    "notredame": 0.8254775456756398,
    "gossip": 0.7950087824040306
}