{
    "politics": 0.514946833259251,
    "general": 0.5383990885278022,
    "covid": 0.6351500005557523,
    "syria": 0.6475702697379176,
    "islam": 0.6661693293800672,
    "notredame": 0.7202928953119502,
    "gossip": 0.7759973123964412
}