{
    "politics": 0.9436974444709345,
    "general": 0.9183598944537669,
    "covid": 0.8346756697807987,
    "syria": 0.750491496852593,
    "islam": 0.7575259646869442,
    "notredame": 0.8118551625905391,
    "gossip": 0.7870834312197647
}