{
    "politics": {
        "politics": 0.9430047902998485,
        "general": 0.19806016716940456,
        "covid": 0.4553374023069948,
        "syria": 0.4885487194583456,
        "islam": 0.503702662167229,
        "notredame": 0.3143020453763064,
        "gossip": 0.5174632352941176
    },
    "general": {
        "politics": 0.9385821345018885,
        "general": 0.2733353597570013,
        "covid": 0.4811043374783182,
        "syria": 0.4490523968784838,
        "islam": 0.6120370370370369,
        "notredame": 0.3091933541106117,
        "gossip": 0.5625
    },
    "covid": {
        "politics": 0.940383946411875,
        "general": 0.22021588118655866,
        "covid": 0.920620400504951,
        "syria": 0.4229727908657675,
        "islam": 0.4733483483483483,
        "notredame": 0.31986647176520594,
        "gossip": 0.47862356621480706
    },
    "syria": {
        "politics": 0.9389637635314199,
        "general": 0.33859535546833514,
        "covid": 0.9128658649130381,
        "syria": 0.4303030303030303,
        "islam": 0.591922514619883,
        "notredame": 0.36524782622343605,
        "gossip": 0.48684354187138335
    },
    "islam": {
        "politics": 0.9379644469425149,
        "general": 0.626475088205736,
        "covid": 0.909942158517435,
        "syria": 0.42037899968934456,
        "islam": 0.9100304899842189,
        "notredame": 0.34477194964999847,
        "gossip": 0.5444883085332524
    },
    "notredame": {
        "politics": 0.937538040642759,
        "general": 0.5472539936357181,
        "covid": 0.9128404631863661,
        "syria": 0.4468488511500859,
        "islam": 0.9168650793650794,
        "notredame": 0.6868371825706242,
        "gossip": 0.5983935742971888
    },
    "gossip": {
        "politics": 0.9362431164780305,
        "general": 0.5562765293439625,
        "covid": 0.900088523592599,
        "syria": 0.4524799524799525,
        "islam": 0.8961890269048679,
        "notredame": 0.8123978352985987,
        "gossip": 0.7286704853783539
    }
}