{
    "politics": {
        "politics": 0.9371047379048263,
        "general": 0.38684956570092077,
        "covid": 0.39585094534296505,
        "syria": 0.36363345338135256,
        "islam": 0.358100021210193,
        "notredame": 0.4808133300149858,
        "gossip": 0.3911719939117199
    },
    "general": {
        "politics": 0.8992850094877347,
        "general": 0.9378951940310868,
        "covid": 0.4565138820582662,
        "syria": 0.3710144927536232,
        "islam": 0.48982695182246755,
        "notredame": 0.5493605493605493,
        "gossip": 0.3551783129359126
    },
    "covid": {
        "politics": 0.8963954957100566,
        "general": 0.05386787501972522,
        "covid": 0.9062321109552386,
        "syria": 0.3407407407407407,
        "islam": 0.23816365626710453,
        "notredame": 0.23550404624573423,
        "gossip": 0.33333333333333326
    },
    "syria": {
        "politics": 0.876569077136694,
        "general": 0.03451934331609713,
        "covid": 0.6030715262157599,
        "syria": 0.32051282051282054,
        "islam": 0.23816365626710453,
        "notredame": 0.23550404624573423,
        "gossip": 0.33333333333333326
    },
    "islam": {
        "politics": 0.9189503453122491,
        "general": 0.13626720719572513,
        "covid": 0.8141717064214917,
        "syria": 0.3633014829867266,
        "islam": 0.332591214042827,
        "notredame": 0.23550404624573423,
        "gossip": 0.3288590604026846
    },
    "notredame": {
        "politics": 0.8773055334948452,
        "general": 0.045729598406291455,
        "covid": 0.5519883735951215,
        "syria": 0.3236132885405002,
        "islam": 0.23528602860286027,
        "notredame": 0.25418614102824627,
        "gossip": 0.33333333333333326
    },
    "gossip": {
        "politics": 0.9038515134077344,
        "general": 0.06921405887054934,
        "covid": 0.6192181414724417,
        "syria": 0.3440769411212761,
        "islam": 0.25002620994643643,
        "notredame": 0.2901701701701702,
        "gossip": 0.33333333333333326
    }
}