{
    "politics": 0.9367416551508381,
    "general": 0.6709640899946137,
    "covid": 0.5044091161053447,
    "syria": 0.5423628682942295,
    "islam": 0.553301836955651,
    "notredame": 0.4857667028469353,
    "gossip": 0.4782535586612615
}