{
    "politics": 0.5102457434967382,
    "general": 0.5930130077337783,
    "covid": 0.45989540773778725,
    "syria": 0.38815508273080773,
    "islam": 0.46666880311285236,
    "notredame": 0.38339032970440645,
    "gossip": 0.41225428952845067
}