{
    "politics": 0.9371047379048397,
    "general": 0.9076451649760674,
    "covid": 0.6174508736876598,
    "syria": 0.4573249517318291,
    "islam": 0.521832892641037,
    "notredame": 0.3893654200730417,
    "gossip": 0.41225428952845067
}