{
    "politics": 0.5166675164578801,
    "general": 0.5482744796929516,
    "covid": 0.39213447145420627,
    "syria": 0.44658448250956423,
    "islam": 0.4959523371165873,
    "notredame": 0.47011855287107873,
    "gossip": 0.4782535586612615
}