{
    "politics": {
        "politics": 0.9367416551508247,
        "general": 0.41802445460487847,
        "covid": 0.392350035873575,
        "syria": 0.4074074074074074,
        "islam": 0.3156947890818859,
        "notredame": 0.4808133300149858,
        "gossip": 0.4479205005520795
    },
    "general": {
        "politics": 0.9312037625555422,
        "general": 0.5085840256417902,
        "covid": 0.37679639105825563,
        "syria": 0.3682539682539682,
        "islam": 0.47705047669963474,
        "notredame": 0.5163255058337025,
        "gossip": 0.5017958521608157
    },
    "covid": {
        "politics": 0.8163237932300339,
        "general": 0.014774125159011822,
        "covid": 0.7207721588457991,
        "syria": 0.3084135871593878,
        "islam": 0.23816365626710453,
        "notredame": 0.23550404624573423,
        "gossip": 0.33333333333333326
    },
    "syria": {
        "politics": 0.8879596914514271,
        "general": 0.03674159163070818,
        "covid": 0.8612867287058136,
        "syria": 0.3407407407407407,
        "islam": 0.23816365626710453,
        "notredame": 0.23550404624573423,
        "gossip": 0.33333333333333326
    },
    "islam": {
        "politics": 0.9260444222770228,
        "general": 0.1795365357661372,
        "covid": 0.8820312930116923,
        "syria": 0.4410611824676384,
        "islam": 0.2676726520653438,
        "notredame": 0.2458058058058058,
        "gossip": 0.3288590604026846
    },
    "notredame": {
        "politics": 0.9139417486703388,
        "general": 0.09906937292497996,
        "covid": 0.884951684298048,
        "syria": 0.36334391534391536,
        "islam": 0.25307007444930535,
        "notredame": 0.23550404624573423,
        "gossip": 0.33333333333333326
    },
    "gossip": {
        "politics": 0.9179275030253414,
        "general": 0.12056766860913129,
        "covid": 0.8873075764661066,
        "syria": 0.3804471137804471,
        "islam": 0.25307007444930535,
        "notredame": 0.25418614102824627,
        "gossip": 0.33333333333333326
    }
}