{
    "politics": 0.5603478117473965,
    "general": 0.5884872968581604,
    "covid": 0.6679065937994215,
    "syria": 0.6691505342995698,
    "islam": 0.7388341719409316,
    "notredame": 0.7737227061686829,
    "gossip": 0.7945309707731449
}