{
    "politics": {
        "politics": 0.9457826185204712,
        "general": 0.5973234770458726,
        "covid": 0.43542583272443297,
        "syria": 0.47285714285714286,
        "islam": 0.6962157809983898,
        "notredame": 0.3298144480177577,
        "gossip": 0.6328029375764994
    },
    "general": {
        "politics": 0.9415960599092846,
        "general": 0.6996871317645207,
        "covid": 0.5028744151395222,
        "syria": 0.4222222222222223,
        "islam": 0.7830348363534204,
        "notredame": 0.4149956408020924,
        "gossip": 0.5659722222222222
    },
    "covid": {
        "politics": 0.9453105251594353,
        "general": 0.7132874560984499,
        "covid": 0.9325155806503296,
        "syria": 0.4370962860478187,
        "islam": 0.6559225332065763,
        "notredame": 0.46709607014950527,
        "gossip": 0.5477159656264134
    },
    "syria": {
        "politics": 0.9440891002641106,
        "general": 0.7690207836823059,
        "covid": 0.9281715729287492,
        "syria": 0.424901553028627,
        "islam": 0.7103650670794635,
        "notredame": 0.46709607014950527,
        "gossip": 0.5555555555555556
    },
    "islam": {
        "politics": 0.9442561716609076,
        "general": 0.7676544295554045,
        "covid": 0.9252562650381385,
        "syria": 0.4530069988684464,
        "islam": 0.9235080221922326,
        "notredame": 0.4612213802042306,
        "gossip": 0.5703301673450927
    },
    "notredame": {
        "politics": 0.9425170152023935,
        "general": 0.7736141065842315,
        "covid": 0.9267492991131303,
        "syria": 0.4536903643386575,
        "islam": 0.9232770657060679,
        "notredame": 0.8659984537847133,
        "gossip": 0.4761904761904762
    },
    "gossip": {
        "politics": 0.9433370255599163,
        "general": 0.7625386287094159,
        "covid": 0.9218955598363109,
        "syria": 0.46939532266932626,
        "islam": 0.9240063233965673,
        "notredame": 0.8656183428507498,
        "gossip": 0.6296711929076422
    }
}