{
    "politics": 0.5861341100897537,
    "general": 0.6139729672241475,
    "covid": 0.6946153633515566,
    "syria": 0.677847470550352,
    "islam": 0.7440727457141617,
    "notredame": 0.7942591101829332,
    "gossip": 0.8173766943806454
}