{
    "politics": {
        "politics": 0.9447448385489835,
        "general": 0.5186482396497905,
        "covid": 0.38492031773459817,
        "syria": 0.4556793634512875,
        "islam": 0.5069333066025127,
        "notredame": 0.31986647176520594,
        "gossip": 0.6290726817042607
    },
    "general": {
        "politics": 0.9098725622549935,
        "general": 0.9674180032673028,
        "covid": 0.3876653465387262,
        "syria": 0.3710144927536232,
        "islam": 0.4537768031189084,
        "notredame": 0.46118028140500045,
        "gossip": 0.33333333333333326
    },
    "covid": {
        "politics": 0.9350101808344561,
        "general": 0.7837864060379107,
        "covid": 0.9715526759513295,
        "syria": 0.3844525844525844,
        "islam": 0.5527629314374006,
        "notredame": 0.4917175239755885,
        "gossip": 0.45238095238095233
    },
    "syria": {
        "politics": 0.9380577314843047,
        "general": 0.8288505339692921,
        "covid": 0.9558730027264503,
        "syria": 0.3883556254917388,
        "islam": 0.7010000535862605,
        "notredame": 0.5567567567567567,
        "gossip": 0.4106583072100314
    },
    "islam": {
        "politics": 0.937933676020329,
        "general": 0.7712407999922559,
        "covid": 0.9540241448390349,
        "syria": 0.48686829268292686,
        "islam": 0.9584325396825398,
        "notredame": 0.5198506547784898,
        "gossip": 0.4295634920634921
    },
    "notredame": {
        "politics": 0.9381102613623586,
        "general": 0.7862869768675177,
        "covid": 0.9530421217072041,
        "syria": 0.5268184506209344,
        "islam": 0.9308573090174908,
        "notredame": 0.8558558558558559,
        "gossip": 0.4590695997115038
    },
    "gossip": {
        "politics": 0.9383290006094279,
        "general": 0.8264907790605667,
        "covid": 0.9454438631469629,
        "syria": 0.5140740740740741,
        "islam": 0.9308573090174908,
        "notredame": 0.8291786038912475,
        "gossip": 0.6744791666666667
    }
}