{
    "politics": 0.9460900970437865,
    "general": 0.7632021936003656,
    "covid": 0.8579599456465575,
    "syria": 0.7744759809233732,
    "islam": 0.8061005432460091,
    "notredame": 0.8130715271363224,
    "gossip": 0.7945309707731449
}