{
    "politics": {
        "politics": 0.9448414674648927,
        "general": 0.4625042298038042,
        "covid": 0.41953024875435746,
        "syria": 0.48898128898128895,
        "islam": 0.4580830830830831,
        "notredame": 0.267987987987988,
        "gossip": 0.66996699669967
    },
    "general": {
        "politics": 0.9431546161897381,
        "general": 0.5807364960060482,
        "covid": 0.4269029353227473,
        "syria": 0.48188013860651857,
        "islam": 0.6431827692208648,
        "notredame": 0.3145413018652455,
        "gossip": 0.6673051718923279
    },
    "covid": {
        "politics": 0.9419712637927676,
        "general": 0.737973126493565,
        "covid": 0.9426291611082787,
        "syria": 0.5205369990081443,
        "islam": 0.54953273222504,
        "notredame": 0.4016896513476541,
        "gossip": 0.5755517826825127
    },
    "syria": {
        "politics": 0.9405731686036896,
        "general": 0.7614491600383634,
        "covid": 0.94117674748981,
        "syria": 0.4870912082179688,
        "islam": 0.5703518929128686,
        "notredame": 0.42855745840820464,
        "gossip": 0.5659722222222222
    },
    "islam": {
        "politics": 0.9400518479875555,
        "general": 0.7661365282744248,
        "covid": 0.9464370483854054,
        "syria": 0.53379641998397,
        "islam": 0.9035373263888888,
        "notredame": 0.46709607014950527,
        "gossip": 0.5824175824175825
    },
    "notredame": {
        "politics": 0.939785361129418,
        "general": 0.7860548928234189,
        "covid": 0.9420997717145515,
        "syria": 0.5133155133155133,
        "islam": 0.9584325396825398,
        "notredame": 0.821537256319865,
        "gossip": 0.5251017639077341
    },
    "gossip": {
        "politics": 0.9395041577730225,
        "general": 0.7859600644949895,
        "covid": 0.9274513772125201,
        "syria": 0.5278697136853164,
        "islam": 0.9583333333333334,
        "notredame": 0.8630900403950048,
        "gossip": 0.6744791666666667
    }
}