{
    "politics": {
        "politics": 0.9446387390079862,
        "general": 0.5548438046413484,
        "covid": 0.44749103713504224,
        "syria": 0.45513043478260873,
        "islam": 0.46288734372805174,
        "notredame": 0.28794777760295,
        "gossip": 0.6386993175431553
    },
    "general": {
        "politics": 0.918947432911224,
        "general": 0.9643742788537255,
        "covid": 0.441334488481298,
        "syria": 0.3710144927536232,
        "islam": 0.5389252889252889,
        "notredame": 0.5023842447098261,
        "gossip": 0.3551783129359126
    },
    "covid": {
        "politics": 0.9380526317926925,
        "general": 0.7207689847758039,
        "covid": 0.9654116701390311,
        "syria": 0.44270133869381123,
        "islam": 0.2718579361980378,
        "notredame": 0.43506955231093164,
        "gossip": 0.5659722222222222
    },
    "syria": {
        "politics": 0.9416034752300659,
        "general": 0.7737344319176421,
        "covid": 0.939252219503792,
        "syria": 0.43649477100613054,
        "islam": 0.4325700828509817,
        "notredame": 0.5010212686913718,
        "gossip": 0.4295634920634921
    },
    "islam": {
        "politics": 0.9405914238195939,
        "general": 0.7708424541423097,
        "covid": 0.9387969713588048,
        "syria": 0.5071895424836601,
        "islam": 0.9098344465991526,
        "notredame": 0.5386800408656078,
        "gossip": 0.46927703738648424
    },
    "notredame": {
        "politics": 0.9403447086072309,
        "general": 0.7390139482353978,
        "covid": 0.9449808813466962,
        "syria": 0.5195652173913043,
        "islam": 0.8893716944279851,
        "notredame": 0.873286329808069,
        "gossip": 0.483110950835437
    },
    "gossip": {
        "politics": 0.9408184355925944,
        "general": 0.7770149744609233,
        "covid": 0.9343424414960921,
        "syria": 0.5172147405783485,
        "islam": 0.9164327719860998,
        "notredame": 0.8543993470822739,
        "gossip": 0.7149192271143491
    }
}