{
    "politics": 0.9446387390079978,
    "general": 0.9422673238619658,
    "covid": 0.8356754626322338,
    "syria": 0.7646637299052692,
    "islam": 0.7951775456912551,
    "notredame": 0.7995575299061441,
    "gossip": 0.7952375767190876
}