{
    "politics": 0.9448414674649039,
    "general": 0.7085859492624339,
    "covid": 0.8361863109907234,
    "syria": 0.7622809645805496,
    "islam": 0.7985735700206587,
    "notredame": 0.8102194310739945,
    "gossip": 0.7986433374328008
}