{
    "politics": 0.5386202367298468,
    "general": 0.5818167385911491,
    "covid": 0.6752360326581873,
    "syria": 0.6768052916012797,
    "islam": 0.7318334519695499,
    "notredame": 0.7752157806987112,
    "gossip": 0.7986433374328008
}