{
    "politics": {
        "politics": 0.9468602038788885,
        "general": 0.5780605110699436,
        "covid": 0.3954639603973926,
        "syria": 0.4179745518187408,
        "islam": 0.5527629314374006,
        "notredame": 0.33531277756629874,
        "gossip": 0.7189883580891209
    },
    "general": {
        "politics": 0.9242231959487308,
        "general": 0.9662768250838125,
        "covid": 0.5381455571767272,
        "syria": 0.3710144927536232,
        "islam": 0.5297459893048129,
        "notredame": 0.5023842447098261,
        "gossip": 0.33333333333333326
    },
    "covid": {
        "politics": 0.9374491057780528,
        "general": 0.8448900780043167,
        "covid": 0.9725009200862851,
        "syria": 0.3914522286677575,
        "islam": 0.5586128152692571,
        "notredame": 0.44647007379720144,
        "gossip": 0.5238095238095238
    },
    "syria": {
        "politics": 0.9391291149597825,
        "general": 0.8438668737134207,
        "covid": 0.9692037658994709,
        "syria": 0.4074074074074074,
        "islam": 0.5883029008029008,
        "notredame": 0.33595894745320026,
        "gossip": 0.46576007770762506
    },
    "islam": {
        "politics": 0.9394900833459876,
        "general": 0.8270566548325201,
        "covid": 0.9677781233357823,
        "syria": 0.5271963009667927,
        "islam": 0.9445767195767196,
        "notredame": 0.38174597305924257,
        "gossip": 0.5766488413547237
    },
    "notredame": {
        "politics": 0.9396683982551914,
        "general": 0.8606276138598383,
        "covid": 0.9639500478875007,
        "syria": 0.5337456892848815,
        "islam": 0.9510078662733529,
        "notredame": 0.8481315809560084,
        "gossip": 0.46927703738648424
    },
    "gossip": {
        "politics": 0.9384097426455693,
        "general": 0.8501704361823043,
        "covid": 0.9611162765732767,
        "syria": 0.5565217391304348,
        "islam": 0.9510078662733529,
        "notredame": 0.8564181549256177,
        "gossip": 0.672685038538697
    }
}