{
    "politics": 0.9457826185204826,
    "general": 0.7680864051658002,
    "covid": 0.8234605652238304,
    "syria": 0.7559446215382368,
    "islam": 0.7895243452432237,
    "notredame": 0.7995584731003126,
    "gossip": 0.7773395548720163
}