{
    "politics": 0.5603957602500518,
    "general": 0.5766814906661264,
    "covid": 0.6810162896932342,
    "syria": 0.7059857763796085,
    "islam": 0.7280677827618192,
    "notredame": 0.7744743219445773,
    "gossip": 0.7981608371396762
}