{
    "politics": 0.9447448385489949,
    "general": 0.9417959293967159,
    "covid": 0.8629096633791715,
    "syria": 0.784614153421659,
    "islam": 0.8039146734050407,
    "notredame": 0.8150369151714916,
    "gossip": 0.7981608371396762
}