{
    "politics": 0.9468602038788995,
    "general": 0.9479227274813283,
    "covid": 0.892488110294551,
    "syria": 0.7927225146536216,
    "islam": 0.8279725471496365,
    "notredame": 0.8379346890666476,
    "gossip": 0.8173766943806454
}