{
    "politics": 0.5927730988297466,
    "general": 0.6266426660304686,
    "covid": 0.6780137335460239,
    "syria": 0.6942836039505462,
    "islam": 0.7253360573334977,
    "notredame": 0.7616878086790814,
    "gossip": 0.7773395548720163
}