{
    "politics": 0.5602828355233973,
    "general": 0.6019081126707171,
    "covid": 0.6467214642174215,
    "syria": 0.6613971037425331,
    "islam": 0.7261804346851092,
    "notredame": 0.7637562642505642,
    "gossip": 0.7952375767190876
}