{
    "politics": {
        "politics": 0.9460900970437754,
        "general": 0.5769193630268603,
        "covid": 0.5046143841334898,
        "syria": 0.46575357181222465,
        "islam": 0.3168701234834446,
        "notredame": 0.37976209719297177,
        "gossip": 0.6254681647940075
    },
    "general": {
        "politics": 0.9426084902349912,
        "general": 0.6896572200492113,
        "covid": 0.4889455234587814,
        "syria": 0.45330147633585527,
        "islam": 0.49966931216931226,
        "notredame": 0.4220374805827201,
        "gossip": 0.524865378523915
    },
    "covid": {
        "politics": 0.9441856680451451,
        "general": 0.7920918043747109,
        "covid": 0.9377246423051665,
        "syria": 0.440766469299268,
        "islam": 0.4164794926077004,
        "notredame": 0.5088479363906907,
        "gossip": 0.47862356621480706
    },
    "syria": {
        "politics": 0.9442933704432898,
        "general": 0.7808963012249939,
        "covid": 0.9434929467944586,
        "syria": 0.46539247505709813,
        "islam": 0.421328933121386,
        "notredame": 0.5010212686913718,
        "gossip": 0.47862356621480706
    },
    "islam": {
        "politics": 0.9435599883526141,
        "general": 0.7852195341685004,
        "covid": 0.94823053370784,
        "syria": 0.4970434782608696,
        "islam": 0.9035373263888888,
        "notredame": 0.553531236154187,
        "gossip": 0.4900437105390967
    },
    "notredame": {
        "politics": 0.9435200492509239,
        "general": 0.7621582052980117,
        "covid": 0.9520499843783158,
        "syria": 0.522256600660066,
        "islam": 0.9308573090174908,
        "notredame": 0.8645631462290972,
        "gossip": 0.4761904761904762
    },
    "gossip": {
        "politics": 0.9437324080900452,
        "general": 0.7724932006319445,
        "covid": 0.9439928537899032,
        "syria": 0.5756751666729444,
        "islam": 0.9515548792222717,
        "notredame": 0.8534957492703972,
        "gossip": 0.5929443690637721
    }
}