{
    "politics": {
        "politics": 0.9418125072978085,
        "general": 0.1352579392260431,
        "covid": 0.5891633101581173,
        "syria": 0.31435960255886763,
        "islam": 0.25307007444930535,
        "notredame": 0.25418614102824627,
        "gossip": 0.47987336047037543
    },
    "general": {
        "politics": 0.3868309772079743,
        "general": 0.9680021644592334,
        "covid": 0.35970815038969056,
        "syria": 0.3710144927536232,
        "islam": 0.4381974769529354,
        "notredame": 0.46544868891237606,
        "gossip": 0.33333333333333326
    },
    "covid": {
        "politics": 0.9209871156441884,
        "general": 0.06836143919742921,
        "covid": 0.966824640913292,
        "syria": 0.3231481481481482,
        "islam": 0.23816365626710453,
        "notredame": 0.3143020453763064,
        "gossip": 0.38557993730407525
    },
    "syria": {
        "politics": 0.928710140079569,
        "general": 0.37797013920092165,
        "covid": 0.9341862279344754,
        "syria": 0.5363395225464191,
        "islam": 0.30612344508283595,
        "notredame": 0.5305428805428805,
        "gossip": 0.47916666666666663
    },
    "islam": {
        "politics": 0.928813534541432,
        "general": 0.29910651179858494,
        "covid": 0.9553664762670209,
        "syria": 0.4938346472609662,
        "islam": 0.9161625327687033,
        "notredame": 0.4533565823888404,
        "gossip": 0.46258784621744525
    },
    "notredame": {
        "politics": 0.36786831373952206,
        "general": 0.19228458019244316,
        "covid": 0.953525667318527,
        "syria": 0.310186955102802,
        "islam": 0.9009773662551441,
        "notredame": 0.8094333390337551,
        "gossip": 0.36050156739811906
    },
    "gossip": {
        "politics": 0.46004700818135835,
        "general": 0.37724409733093967,
        "covid": 0.9294055184804104,
        "syria": 0.48191268191268194,
        "islam": 0.9009773662551441,
        "notredame": 0.8125152179206233,
        "gossip": 0.6471418489767115
    }
}