{
    "politics": {
        "politics": 0.9331209395302348,
        "general": 0.2025319865319865,
        "covid": 0.5761594337865524,
        "syria": 0.33658732330141355,
        "islam": 0.25307007444930535,
        "notredame": 0.21268327150680094,
        "gossip": 0.5413333333333334
    },
    "general": {
        "politics": 0.4581466113416321,
        "general": 0.9701010101010102,
        "covid": 0.3633770014556041,
        "syria": 0.3633770014556041,
        "islam": 0.4381974769529354,
        "notredame": 0.46544868891237606,
        "gossip": 0.33333333333333326
    },
    "covid": {
        "politics": 0.22207336523125992,
        "general": 0.04,
        "covid": 0.9333333333333333,
        "syria": 0.30413273001508295,
        "islam": 0.23816365626710453,
        "notredame": 0.3304583580445649,
        "gossip": 0.3551783129359126
    },
    "syria": {
        "politics": 0.4731666666666666,
        "general": 0.9701010101010102,
        "covid": 0.33515151515151514,
        "syria": 0.3633770014556041,
        "islam": 0.4381974769529354,
        "notredame": 0.46544868891237606,
        "gossip": 0.33333333333333326
    },
    "islam": {
        "politics": 0.4731666666666666,
        "general": 0.9701010101010102,
        "covid": 0.3603508771929825,
        "syria": 0.3633770014556041,
        "islam": 0.4381974769529354,
        "notredame": 0.46118028140500045,
        "gossip": 0.33333333333333326
    },
    "notredame": {
        "politics": 0.2138511326860841,
        "general": 0.13730076662506682,
        "covid": 0.9063151602104258,
        "syria": 0.3012121212121212,
        "islam": 0.23528602860286027,
        "notredame": 0.7674219674219673,
        "gossip": 0.3988467672678199
    },
    "gossip": {
        "politics": 0.2305777043310611,
        "general": 0.11391025641025643,
        "covid": 0.9261615115633396,
        "syria": 0.3012121212121212,
        "islam": 0.23528602860286027,
        "notredame": 0.7508758758758759,
        "gossip": 0.66
    }
}