{
    "gossip": {
        "gossip": 0.8291628982011858,
        "notredame": 0.6556797398902663,
        "islam": 0.6276122291021671,
        "syria": 0.3943017206882753,
        "covid": 0.6289269599260231,
        "general": 0.6659050603882372,
        "politics": 0.7596467569368486
    },
    "notredame": {
        "gossip": 0.7851662404092071,
        "notredame": 0.9364777796779183,
        "islam": 0.6325892184101138,
        "syria": 0.5072463768115942,
        "covid": 0.683259256271786,
        "general": 0.41158020566937914,
        "politics": 0.7694819501867679
    },
    "islam": {
        "gossip": 0.6615351020853805,
        "notredame": 0.8212851758720333,
        "islam": 0.9579274891774892,
        "syria": 0.4477937964176496,
        "covid": 0.6655205355152709,
        "general": 0.18338019720401902,
        "politics": 0.7635106552407454
    },
    "syria": {
        "gossip": 0.6991389148251893,
        "notredame": 0.8485685685685684,
        "islam": 0.9073401856188741,
        "syria": 0.5285206619961418,
        "covid": 0.6868690587029811,
        "general": 0.4447185896420115,
        "politics": 0.7494691266772875
    },
    "covid": {
        "gossip": 0.33333333333333326,
        "notredame": 0.5518882518882519,
        "islam": 0.2676726520653438,
        "syria": 0.30460864101031465,
        "covid": 0.9862563373404346,
        "general": 0.007108578342217778,
        "politics": 0.2859403820540596
    },
    "general": {
        "gossip": 0.33333333333333326,
        "notredame": 0.48567208679568225,
        "islam": 0.4381974769529354,
        "syria": 0.3710144927536232,
        "covid": 0.35970815038969056,
        "general": 0.9718115745382756,
        "politics": 0.3868309772079743
    },
    "politics": {
        "gossip": 0.44852941176470584,
        "notredame": 0.2458058058058058,
        "islam": 0.3857565011820331,
        "syria": 0.4894117647058823,
        "covid": 0.43723506972950665,
        "general": 0.15700311365085376,
        "politics": 0.9426416526657709
    }
}