{
    "politics": 0.8216197323826566,
    "general": 0.4439078702719111,
    "covid": 0.4958944735930546,
    "syria": 0.6970420711113231,
    "islam": 0.6856437623925339,
    "notredame": 0.5824027249485009,
    "gossip": 0.724276521917297
}