{
    "politics": 0.516180511881069,
    "general": 0.4649177603365348,
    "covid": 0.3961298995864893,
    "syria": 0.5541664200691149,
    "islam": 0.6686416602293387,
    "notredame": 0.7068979159608829,
    "gossip": 0.6639717390918431
}