{
    "gossip": 0.6516345930117543,
    "notredame": 0.6657386309136273,
    "islam": 0.6422309437734095,
    "syria": 0.6835220712259237,
    "covid": 0.41345521581563255,
    "general": 0.4684533738644631,
    "politics": 0.4527694253201794
}