{
    "gossip": {
        "gossip": 0.33333333333333326,
        "notredame": 0.46544868891237606,
        "islam": 0.4381974769529354,
        "syria": 0.3710144927536232,
        "covid": 0.35970815038969056,
        "general": 0.9680021644592334,
        "politics": 0.3868309772079743
    },
    "notredame": {
        "gossip": 0.6666666666666665,
        "notredame": 0.8040698040698041,
        "islam": 0.7894086366308587,
        "syria": 0.4040388145816942,
        "covid": 0.609925464022038,
        "general": 0.6243778339607179,
        "politics": 0.8224440059449234
    },
    "islam": {
        "gossip": 0.6483516483516483,
        "notredame": 0.8395028013672081,
        "islam": 0.9720541775895677,
        "syria": 0.4466381612630938,
        "covid": 0.49045959198231875,
        "general": 0.08863569373747668,
        "politics": 0.7152063396050702
    },
    "syria": {
        "gossip": 0.37629937629937626,
        "notredame": 0.6391739512203954,
        "islam": 0.716966611413687,
        "syria": 0.4611527319948057,
        "covid": 0.5403792401069692,
        "general": 0.8899049800470443,
        "politics": 0.5867947631635697
    },
    "covid": {
        "gossip": 0.33333333333333326,
        "notredame": 0.5758956280695411,
        "islam": 0.25307007444930535,
        "syria": 0.3573025604038947,
        "covid": 0.9815124472120103,
        "general": 0.00942760014053666,
        "politics": 0.2910944295664561
    },
    "general": {
        "gossip": 0.33333333333333326,
        "notredame": 0.46544868891237606,
        "islam": 0.4381974769529354,
        "syria": 0.3710144927536232,
        "covid": 0.35970815038969056,
        "general": 0.9680021644592334,
        "politics": 0.3868309772079743
    },
    "politics": {
        "gossip": 0.5463252343986289,
        "notredame": 0.3143020453763064,
        "islam": 0.3208188657407407,
        "syria": 0.41016564556387564,
        "covid": 0.5225404611995963,
        "general": 0.3706081153408558,
        "politics": 0.937963115517621
    }
}