{
    "gossip": 0.6128861701436575,
    "notredame": 0.6116187574076833,
    "islam": 0.5849890936175496,
    "syria": 0.6350958510435336,
    "covid": 0.4240226121936193,
    "general": 0.4835364908663338,
    "politics": 0.4732238367046811
}