{
    "gossip": {
        "gossip": 0.839935974389756,
        "notredame": 0.6556797398902663,
        "islam": 0.6685185185185185,
        "syria": 0.3815354615294098,
        "covid": 0.5171742562232255,
        "general": 0.6938950528414476,
        "politics": 0.7128059709115461
    },
    "notredame": {
        "gossip": 0.6744791666666667,
        "notredame": 0.917854024237003,
        "islam": 0.6861883051092778,
        "syria": 0.47485223597635784,
        "covid": 0.6818858141483641,
        "general": 0.2854444142408376,
        "politics": 0.7321904587250133
    },
    "islam": {
        "gossip": 0.5324918186068256,
        "notredame": 0.8121023095423746,
        "islam": 0.9508173427664954,
        "syria": 0.3925749780218197,
        "covid": 0.6429618001029979,
        "general": 0.08578984164113457,
        "politics": 0.7001363230063808
    },
    "syria": {
        "gossip": 0.6440513428972063,
        "notredame": 0.758151700087184,
        "islam": 0.7357804232804234,
        "syria": 0.503542341281523,
        "covid": 0.5660560810207338,
        "general": 0.8675193253386467,
        "politics": 0.6519740320201903
    },
    "covid": {
        "gossip": 0.3453985367731998,
        "notredame": 0.6105472235600706,
        "islam": 0.2819823232323232,
        "syria": 0.42130097741826755,
        "covid": 0.9781934315993297,
        "general": 0.017883780086369157,
        "politics": 0.2989220916786084
    },
    "general": {
        "gossip": 0.33333333333333326,
        "notredame": 0.46544868891237606,
        "islam": 0.4381974769529354,
        "syria": 0.3710144927536232,
        "covid": 0.35970815038969056,
        "general": 0.9680021644592334,
        "politics": 0.3868309772079743
    },
    "politics": {
        "gossip": 0.42084942084942084,
        "notredame": 0.34477194964999847,
        "islam": 0.4375829304267109,
        "syria": 0.47098677324198307,
        "covid": 0.5300083947590521,
        "general": 0.2598297818334808,
        "politics": 0.9417075078221732
    }
}