{
    "gossip": 0.6796026996053632,
    "notredame": 0.6698015894648391,
    "islam": 0.6204425706418298,
    "syria": 0.6592821175568047,
    "covid": 0.3455567314397118,
    "general": 0.4405895449463114,
    "politics": 0.8139670963533129
}