{
    "politics": 0.46090508271540964,
    "general": 0.4835364908663338,
    "covid": 0.36776116362337913,
    "syria": 0.4813930149576138,
    "islam": 0.4849309028759888,
    "notredame": 0.44670998251901795,
    "gossip": 0.47758670090329064
}