{
    "politics": {
        "politics": 0.9444416162750371,
        "general": 0.2942046285459503,
        "covid": 0.5806982293220416,
        "syria": 0.5133155133155133,
        "islam": 0.4674157381810059,
        "notredame": 0.36524782622343605,
        "gossip": 0.49919871794871795
    },
    "general": {
        "politics": 0.3910401742852022,
        "general": 0.9680021644592334,
        "covid": 0.35970815038969056,
        "syria": 0.3710144927536232,
        "islam": 0.4381974769529354,
        "notredame": 0.46544868891237606,
        "gossip": 0.33333333333333326
    },
    "covid": {
        "politics": 0.5122319534653466,
        "general": 0.03142304788147685,
        "covid": 0.975352361542162,
        "syria": 0.3451749013202668,
        "islam": 0.23528602860286027,
        "notredame": 0.37296893848617985,
        "gossip": 0.32432432432432434
    },
    "syria": {
        "politics": 0.6872294757526055,
        "general": 0.8008414631969611,
        "covid": 0.7365452797265022,
        "syria": 0.3710144927536232,
        "islam": 0.7433749633975878,
        "notredame": 0.6250888885619424,
        "gossip": 0.3710691823899371
    },
    "islam": {
        "politics": 0.7480482017646557,
        "general": 0.08355342447483456,
        "covid": 0.9224633535588482,
        "syria": 0.539303858905992,
        "islam": 0.9441083551791356,
        "notredame": 0.5324051324051324,
        "gossip": 0.5251017639077341
    },
    "notredame": {
        "politics": 0.6069586729021282,
        "general": 0.15406839864180538,
        "covid": 0.9240469513502237,
        "syria": 0.3388129899216126,
        "islam": 0.9237060701992829,
        "notredame": 0.9006796405680048,
        "gossip": 0.6673051718923279
    },
    "gossip": {
        "politics": 0.7875181926296003,
        "general": 0.20047345393902696,
        "covid": 0.8845060919165912,
        "syria": 0.48663227441397416,
        "islam": 0.9301354439739195,
        "notredame": 0.8534957492703972,
        "gossip": 0.7499749974997499
    }
}