{
    "politics": 0.46247260129945583,
    "general": 0.4835364908663338,
    "covid": 0.5238943694763124,
    "syria": 0.6088940308024078,
    "islam": 0.6597897181337968,
    "notredame": 0.5885753232099183,
    "gossip": 0.6391660592922138
}