{
    "gossip": {
        "gossip": 0.82998299829983,
        "notredame": 0.6669186669186669,
        "islam": 0.5719404186795491,
        "syria": 0.4338593481989708,
        "covid": 0.5444742821731048,
        "general": 0.6364214442753255,
        "politics": 0.7036586249366079
    },
    "notredame": {
        "gossip": 0.693802132826523,
        "notredame": 0.887509130752374,
        "islam": 0.512422858898104,
        "syria": 0.5222461533878487,
        "covid": 0.7066893039049236,
        "general": 0.37794002607561933,
        "politics": 0.709547619047619
    },
    "islam": {
        "gossip": 0.5634191176470589,
        "notredame": 0.8121023095423746,
        "islam": 0.9720541775895677,
        "syria": 0.4110397946084724,
        "covid": 0.5900582083195305,
        "general": 0.11391025641025643,
        "politics": 0.6664289438014805
    },
    "syria": {
        "gossip": 0.6807743795695603,
        "notredame": 0.632691347226605,
        "islam": 0.5769665585776367,
        "syria": 0.5136581386725992,
        "covid": 0.6840718407573104,
        "general": 0.8290143964562569,
        "politics": 0.5875129403487612
    },
    "covid": {
        "gossip": 0.33333333333333326,
        "notredame": 0.5566181566181566,
        "islam": 0.25307007444930535,
        "syria": 0.47646520146520144,
        "covid": 0.993335411934138,
        "general": 0.000784313725490196,
        "politics": 0.22207336523125992
    },
    "general": {
        "gossip": 0.33333333333333326,
        "notredame": 0.46544868891237606,
        "islam": 0.4381974769529354,
        "syria": 0.3633770014556041,
        "covid": 0.3633770014556041,
        "general": 0.9701010101010102,
        "politics": 0.4581466113416321
    },
    "politics": {
        "gossip": 0.48739407887854386,
        "notredame": 0.3594264282484791,
        "islam": 0.24695707070707065,
        "syria": 0.45175080455353284,
        "covid": 0.4759043062200957,
        "general": 0.2741133720930233,
        "politics": 0.9394747054091147
    }
}