{
    "politics": {
        "politics": 0.9439085803590237,
        "general": 0.3593541096516204,
        "covid": 0.5453926965266946,
        "syria": 0.5277941176470587,
        "islam": 0.38127709829806516,
        "notredame": 0.33531277756629874,
        "gossip": 0.524865378523915
    },
    "general": {
        "politics": 0.3868309772079743,
        "general": 0.9680021644592334,
        "covid": 0.35970815038969056,
        "syria": 0.3710144927536232,
        "islam": 0.4381974769529354,
        "notredame": 0.46544868891237606,
        "gossip": 0.33333333333333326
    },
    "covid": {
        "politics": 0.29014609063135754,
        "general": 0.04245938097207369,
        "covid": 0.9729865940829234,
        "syria": 0.3573025604038947,
        "islam": 0.23528602860286027,
        "notredame": 0.41229882364634135,
        "gossip": 0.3453985367731998
    },
    "syria": {
        "politics": 0.4575217948027018,
        "general": 0.9505182022945636,
        "covid": 0.6794277102216297,
        "syria": 0.3710144927536232,
        "islam": 0.6003082866426177,
        "notredame": 0.46118028140500045,
        "gossip": 0.33333333333333326
    },
    "islam": {
        "politics": 0.8966069094727488,
        "general": 0.44778954987895503,
        "covid": 0.9292688569218961,
        "syria": 0.39453333333333335,
        "islam": 0.9510078662733529,
        "notredame": 0.4000977661374645,
        "gossip": 0.551203590371277
    },
    "notredame": {
        "politics": 0.808885479559444,
        "general": 0.4942119689034344,
        "covid": 0.9075352006944214,
        "syria": 0.41636993317399157,
        "islam": 0.8713419732441472,
        "notredame": 0.8587274412410019,
        "gossip": 0.5993589743589743
    },
    "gossip": {
        "politics": 0.8205106847392797,
        "general": 0.7204239631013506,
        "covid": 0.5822496962919665,
        "syria": 0.3626666666666667,
        "islam": 0.7653349456395586,
        "notredame": 0.762170061116055,
        "gossip": 0.6496847162446201
    }
}