{
    "gossip": 0.4835364908663338,
    "notredame": 0.668745411755326,
    "islam": 0.600433089202709,
    "syria": 0.6159331004215012,
    "covid": 0.4175408892983581,
    "general": 0.4835364908663338,
    "politics": 0.5121200524644185
}