{
    "gossip": {
        "gossip": 0.3551783129359126,
        "notredame": 0.48567208679568225,
        "islam": 0.4652242522282488,
        "syria": 0.433092095927345,
        "covid": 0.38683875293178377,
        "general": 0.9489122367990324,
        "politics": 0.4038308738019905
    },
    "notredame": {
        "gossip": 0.49450549450549447,
        "notredame": 0.6465123806441172,
        "islam": 0.5682359885948498,
        "syria": 0.47128585240090237,
        "covid": 0.5595621370246927,
        "general": 0.6728199161623712,
        "politics": 0.45567974621690266
    },
    "islam": {
        "gossip": 0.43899018232819076,
        "notredame": 0.31986647176520594,
        "islam": 0.8827150647580095,
        "syria": 0.3596698113207547,
        "covid": 0.451789385216361,
        "general": 0.41959086044926003,
        "politics": 0.4271930630567638
    },
    "syria": {
        "gossip": 0.5416666666666666,
        "notredame": 0.6081396081396082,
        "islam": 0.6775526363089814,
        "syria": 0.4096358543417367,
        "covid": 0.48846709613637795,
        "general": 0.9017826536188458,
        "politics": 0.46976365568877587
    },
    "covid": {
        "gossip": 0.37959558823529405,
        "notredame": 0.2977753263467549,
        "islam": 0.48904320987654315,
        "syria": 0.48331276566570686,
        "covid": 0.9194855576641953,
        "general": 0.3224269748749678,
        "politics": 0.41194370534151303
    },
    "general": {
        "gossip": 0.33333333333333326,
        "notredame": 0.46544868891237606,
        "islam": 0.4381974769529354,
        "syria": 0.3710144927536232,
        "covid": 0.35970815038969056,
        "general": 0.9680021644592334,
        "politics": 0.3868309772079743
    },
    "politics": {
        "gossip": 0.4725620020199753,
        "notredame": 0.267987987987988,
        "islam": 0.32475456776656664,
        "syria": 0.49752473426753463,
        "covid": 0.40591223013028604,
        "general": 0.4340089207823092,
        "politics": 0.9360223320169019
    }
}