{
    "gossip": 0.2024528656035719,
    "notredame": 0.37397030664908437,
    "islam": 0.4759692596285,
    "syria": 0.4835364908663338,
    "covid": 0.40421909532558176,
    "general": 0.4835364908663338,
    "politics": 0.4757638073876083
}