{
    "politics": 0.49138070711455756,
    "general": 0.4835364908663338,
    "covid": 0.44288546755876046,
    "syria": 0.5140134717541823,
    "islam": 0.6102182372054746,
    "notredame": 0.6037083723122538,
    "gossip": 0.5998681173470434
}