{
    "gossip": 0.555660496086665,
    "notredame": 0.4201210391169507,
    "islam": 0.4773739552279118,
    "syria": 0.550031767591466,
    "covid": 0.44037983740176223,
    "general": 0.4835364908663338,
    "politics": 0.5343579885892655
}