{
    "politics": {
        "politics": 0.9275465201273497,
        "general": 0.20920789211344776,
        "covid": 0.59026710778783,
        "syria": 0.4519658373193914,
        "islam": 0.2819823232323232,
        "notredame": 0.4415770079244772,
        "gossip": 0.3551783129359126
    },
    "general": {
        "politics": 0.3868309772079743,
        "general": 0.9680021644592334,
        "covid": 0.35970815038969056,
        "syria": 0.3710144927536232,
        "islam": 0.4381974769529354,
        "notredame": 0.46544868891237606,
        "gossip": 0.33333333333333326
    },
    "covid": {
        "politics": 0.36666793742388754,
        "general": 0.11850890943313928,
        "covid": 0.9213677128750871,
        "syria": 0.298951953178168,
        "islam": 0.23528602860286027,
        "notredame": 0.2977753263467549,
        "gossip": 0.3551783129359126
    },
    "syria": {
        "politics": 0.6030319231957069,
        "general": 0.5530735902410951,
        "covid": 0.7996508315953327,
        "syria": 0.47163594264849945,
        "islam": 0.6208847736625515,
        "notredame": 0.6158622341828449,
        "gossip": 0.5538956323270048
    },
    "islam": {
        "politics": 0.709576105112998,
        "general": 0.38799167393096085,
        "covid": 0.7554928576252373,
        "syria": 0.48977777777777776,
        "islam": 0.8670213513133866,
        "notredame": 0.3673481173481174,
        "gossip": 0.5174503422735944
    },
    "notredame": {
        "politics": 0.6344945130891229,
        "general": 0.7640564633047119,
        "covid": 0.7160006432220437,
        "syria": 0.42955791012057,
        "islam": 0.6774521774521775,
        "notredame": 0.5282213834223781,
        "gossip": 0.567882624861823
    },
    "gossip": {
        "politics": 0.6404411042301182,
        "general": 0.7923239171386869,
        "covid": 0.6936028950556374,
        "syria": 0.414494301994302,
        "islam": 0.6459285341679708,
        "notredame": 0.7257971748349511,
        "gossip": 0.6068152031454784
    }
}