{
    "gossip": {
        "gossip": 0.48739407887854386,
        "notredame": 0.5429952913915851,
        "islam": 0.4945987654320987,
        "syria": 0.43943933776852373,
        "covid": 0.5565968491777964,
        "general": 0.7501234567901235,
        "politics": 0.6597946829858866
    },
    "notredame": {
        "gossip": 0.6305418719211823,
        "notredame": 0.7718167339916748,
        "islam": 0.36979785201631643,
        "syria": 0.3155916342522126,
        "covid": 0.46089125495464117,
        "general": 0.22196969696969698,
        "politics": 0.28232089760649215
    },
    "islam": {
        "gossip": 0.43899018232819076,
        "notredame": 0.4679672888628112,
        "islam": 0.8256296947865182,
        "syria": 0.33896799616593004,
        "covid": 0.5583871556285349,
        "general": 0.36033333333333334,
        "politics": 0.3349814648305018
    },
    "syria": {
        "gossip": 0.47733333333333333,
        "notredame": 0.5756772262796359,
        "islam": 0.5471628045157456,
        "syria": 0.3958666744316969,
        "covid": 0.43487654320987656,
        "general": 0.9024460431654677,
        "politics": 0.5495991963425385
    },
    "covid": {
        "gossip": 0.3988467672678199,
        "notredame": 0.4747915617480835,
        "islam": 0.3577107049329271,
        "syria": 0.32966659207876486,
        "covid": 0.9466190476190476,
        "general": 0.21470707070707068,
        "politics": 0.29661993064978137
    },
    "general": {
        "gossip": 0.33333333333333326,
        "notredame": 0.46544868891237606,
        "islam": 0.4381974769529354,
        "syria": 0.3633770014556041,
        "covid": 0.3633770014556041,
        "general": 0.9701010101010102,
        "politics": 0.4581466113416321
    },
    "politics": {
        "gossip": 0.3710691823899371,
        "notredame": 0.34477194964999847,
        "islam": 0.3914643165459714,
        "syria": 0.5161428571428572,
        "covid": 0.6525890141349079,
        "general": 0.40947801807770573,
        "politics": 0.9122055388722055
    }
}