{
    "gossip": {
        "gossip": 0.33333333333333326,
        "notredame": 0.2163332163332163,
        "islam": 0.23816365626710453,
        "syria": 0.296969696969697,
        "covid": 0.30761033418455086,
        "general": 0.000897485497821113,
        "politics": 0.2824569265603526
    },
    "notredame": {
        "gossip": 0.4357366771159875,
        "notredame": 0.8205226936570221,
        "islam": 0.2914091143229403,
        "syria": 0.29432918395574,
        "covid": 0.4695705188197927,
        "general": 0.2163430159652709,
        "politics": 0.3189717295045288
    },
    "islam": {
        "gossip": 0.4554512802687985,
        "notredame": 0.553531236154187,
        "islam": 0.8475859788359789,
        "syria": 0.4023584905660378,
        "covid": 0.4841270518964842,
        "general": 0.27563304679211065,
        "politics": 0.4001008503706279
    },
    "syria": {
        "gossip": 0.33333333333333326,
        "notredame": 0.46544868891237606,
        "islam": 0.4381974769529354,
        "syria": 0.3710144927536232,
        "covid": 0.35970815038969056,
        "general": 0.9680021644592334,
        "politics": 0.3868309772079743
    },
    "covid": {
        "gossip": 0.4479205005520795,
        "notredame": 0.267987987987988,
        "islam": 0.2960095420924849,
        "syria": 0.296969696969697,
        "covid": 0.9393566364167335,
        "general": 0.18185191622726923,
        "politics": 0.3356799865291787
    },
    "general": {
        "gossip": 0.33333333333333326,
        "notredame": 0.46544868891237606,
        "islam": 0.4381974769529354,
        "syria": 0.3710144927536232,
        "covid": 0.35970815038969056,
        "general": 0.9680021644592334,
        "politics": 0.3868309772079743
    },
    "politics": {
        "gossip": 0.3551783129359126,
        "notredame": 0.25001365510646356,
        "islam": 0.36198532044396703,
        "syria": 0.5450370370370371,
        "covid": 0.43618066861591304,
        "general": 0.2559010657924491,
        "politics": 0.9350436970691512
    }
}