{
    "gossip": 0.5397819452334841,
    "notredame": 0.4796226041978207,
    "islam": 0.48213407050637525,
    "syria": 0.46491776033654764,
    "covid": 0.3931636582346136,
    "general": 0.46491776033654764,
    "politics": 0.41952346975798477
}