{
    "politics": 0.493931720813281,
    "general": 0.4835364908663338,
    "covid": 0.4232767265662653,
    "syria": 0.5124182812323035,
    "islam": 0.5769023320570639,
    "notredame": 0.4896155982976844,
    "gossip": 0.496659567833411
}