{
    "gossip": {
        "gossip": 0.5366079703429101,
        "notredame": 0.5205205205205204,
        "islam": 0.5587752525252525,
        "syria": 0.5258823529411764,
        "covid": 0.5466299252129483,
        "general": 0.6425515202999844,
        "politics": 0.47675281194165714
    },
    "notredame": {
        "gossip": 0.6010230179028133,
        "notredame": 0.7418187418187419,
        "islam": 0.45011835832467306,
        "syria": 0.3202354131224424,
        "covid": 0.4802986281187053,
        "general": 0.3700559639571864,
        "politics": 0.3394824073275585
    },
    "islam": {
        "gossip": 0.48684354187138335,
        "notredame": 0.42855745840820464,
        "islam": 0.8483000195963158,
        "syria": 0.3297672519395672,
        "covid": 0.5190879228303634,
        "general": 0.4005626319270066,
        "politics": 0.3783468227380984
    },
    "syria": {
        "gossip": 0.33333333333333326,
        "notredame": 0.46544868891237606,
        "islam": 0.4381974769529354,
        "syria": 0.3710144927536232,
        "covid": 0.35970815038969056,
        "general": 0.9680021644592334,
        "politics": 0.3868309772079743
    },
    "covid": {
        "gossip": 0.3551783129359126,
        "notredame": 0.2901701701701702,
        "islam": 0.2676726520653438,
        "syria": 0.3074074074074074,
        "covid": 0.9360653363568497,
        "general": 0.13694108755833045,
        "politics": 0.3568112589479186
    },
    "general": {
        "gossip": 0.33333333333333326,
        "notredame": 0.46544868891237606,
        "islam": 0.4381974769529354,
        "syria": 0.3710144927536232,
        "covid": 0.35970815038969056,
        "general": 0.9680021644592334,
        "politics": 0.3868309772079743
    },
    "politics": {
        "gossip": 0.33333333333333326,
        "notredame": 0.23550404624573423,
        "islam": 0.25002620994643643,
        "syria": 0.4512322110378341,
        "covid": 0.46046086129367314,
        "general": 0.16006623328882405,
        "politics": 0.9334105103795647
    }
}