{
    "politics": 0.8020873964097521,
    "general": 0.4405895449463114,
    "covid": 0.44056970445154153,
    "syria": 0.44056970445154153,
    "islam": 0.4405895449463114,
    "notredame": 0.4405498628984425,
    "gossip": 0.4405895449463114
}