{
    "politics": {
        "politics": 0.9328805885681948,
        "general": 0.35572359843546286,
        "covid": 0.53291844476055,
        "syria": 0.4023841687403721,
        "islam": 0.3118952743047939,
        "notredame": 0.39542531036783907,
        "gossip": 0.3911719939117199
    },
    "general": {
        "politics": 0.4581466113416321,
        "general": 0.9701010101010102,
        "covid": 0.3633770014556041,
        "syria": 0.3633770014556041,
        "islam": 0.4381974769529354,
        "notredame": 0.46544868891237606,
        "gossip": 0.33333333333333326
    },
    "covid": {
        "politics": 0.3138672317776354,
        "general": 0.18235104669887278,
        "covid": 0.9067330842673308,
        "syria": 0.4023841687403721,
        "islam": 0.25002620994643643,
        "notredame": 0.43439091265178215,
        "gossip": 0.4479205005520795
    },
    "syria": {
        "politics": 0.3713368315842079,
        "general": 0.8674293496765407,
        "covid": 0.5289945142576722,
        "syria": 0.41391980403642364,
        "islam": 0.425,
        "notredame": 0.5077799280937183,
        "gossip": 0.48717948717948717
    },
    "islam": {
        "politics": 0.49333333333333335,
        "general": 0.6578085801019531,
        "covid": 0.6558434463302136,
        "syria": 0.47953571428571423,
        "islam": 0.7510863124629666,
        "notredame": 0.5124874710128167,
        "gossip": 0.5592948717948718
    },
    "notredame": {
        "politics": 0.4456490872210953,
        "general": 0.9633898305084746,
        "covid": 0.4203259259259259,
        "syria": 0.3603508771929825,
        "islam": 0.4381974769529354,
        "notredame": 0.46544868891237606,
        "gossip": 0.33333333333333326
    },
    "gossip": {
        "politics": 0.33666347687400316,
        "general": 0.9113145846958797,
        "covid": 0.4847424242424242,
        "syria": 0.4053985527998931,
        "islam": 0.4381974769529354,
        "notredame": 0.48567208679568225,
        "gossip": 0.4025735294117647
    }
}