{
    "gossip": 0.45515515393832334,
    "notredame": 0.4825449759356106,
    "islam": 0.4180215835899511,
    "syria": 0.5127367278223106,
    "covid": 0.44584268251920256,
    "general": 0.4405895449463114,
    "politics": 0.8134305876536001
}