{
    "politics": 0.4830614040094048,
    "general": 0.4649177603365348,
    "covid": 0.38468505724613083,
    "syria": 0.5901636058224095,
    "islam": 0.5857393250651484,
    "notredame": 0.610552144097854,
    "gossip": 0.6365806201082376
}