{
    "politics": {
        "politics": 0.9312959278857813,
        "general": 0.21992957253198298,
        "covid": 0.5502524269003308,
        "syria": 0.39195767195767195,
        "islam": 0.3577107049329271,
        "notredame": 0.3357301064582968,
        "gossip": 0.3288590604026846
    },
    "general": {
        "politics": 0.3868309772079743,
        "general": 0.9680021644592334,
        "covid": 0.35970815038969056,
        "syria": 0.3710144927536232,
        "islam": 0.4381974769529354,
        "notredame": 0.46544868891237606,
        "gossip": 0.33333333333333326
    },
    "covid": {
        "politics": 0.5028798550983411,
        "general": 0.14691888686453555,
        "covid": 0.9119338368287326,
        "syria": 0.5092682926829268,
        "islam": 0.2676726520653438,
        "notredame": 0.2901701701701702,
        "gossip": 0.3551783129359126
    },
    "syria": {
        "politics": 0.161233366323913,
        "general": 0.9015574200977525,
        "covid": 0.5897936551694941,
        "syria": 0.45732255166217434,
        "islam": 0.45777529761904767,
        "notredame": 0.5671862338529005,
        "gossip": 0.48263118994826315
    },
    "islam": {
        "politics": 0.4861765782741462,
        "general": 0.6945723045887163,
        "covid": 0.6970381241206816,
        "syria": 0.4468524251805986,
        "islam": 0.853969860548808,
        "notredame": 0.6723985309351164,
        "gossip": 0.545266639107069
    },
    "notredame": {
        "politics": 0.3834102026206979,
        "general": 0.8388748842441717,
        "covid": 0.6378957293447447,
        "syria": 0.44115942028985505,
        "islam": 0.8427513006317354,
        "notredame": 0.6519074630185742,
        "gossip": 0.5308037535699713
    },
    "gossip": {
        "politics": 0.5668766066374387,
        "general": 0.6452778303747716,
        "covid": 0.7167760372382126,
        "syria": 0.49436495454371093,
        "islam": 0.7241818538114835,
        "notredame": 0.6703654358583936,
        "gossip": 0.49919871794871795
    }
}