{
    "politics": {
        "politics": 0.9361144419147692,
        "general": 0.45894863970579136,
        "covid": 0.38986963782558665,
        "syria": 0.39602778684320944,
        "islam": 0.3539496527777778,
        "notredame": 0.4864743948713414,
        "gossip": 0.5091164095371669
    },
    "general": {
        "politics": 0.9341631161858236,
        "general": 0.42788854262483467,
        "covid": 0.3717100128148712,
        "syria": 0.3786993629041952,
        "islam": 0.3564090789818945,
        "notredame": 0.5046337080235385,
        "gossip": 0.5091164095371669
    },
    "covid": {
        "politics": 0.906930426899553,
        "general": 0.028486705608777283,
        "covid": 0.31798960257723385,
        "syria": 0.3407407407407407,
        "islam": 0.23816365626710453,
        "notredame": 0.25418614102824627,
        "gossip": 0.33333333333333326
    },
    "syria": {
        "politics": 0.8508573986352591,
        "general": 0.018602661044803383,
        "covid": 0.30761033418455086,
        "syria": 0.3407407407407407,
        "islam": 0.23816365626710453,
        "notredame": 0.2163332163332163,
        "gossip": 0.33333333333333326
    },
    "islam": {
        "politics": 0.6790253859561182,
        "general": 0.008636092030381275,
        "covid": 0.30761033418455086,
        "syria": 0.317306052855925,
        "islam": 0.23816365626710453,
        "notredame": 0.2163332163332163,
        "gossip": 0.33333333333333326
    },
    "notredame": {
        "politics": 0.5537845069287916,
        "general": 0.0016597339039069897,
        "covid": 0.30761033418455086,
        "syria": 0.29432918395574,
        "islam": 0.23816365626710453,
        "notredame": 0.2163332163332163,
        "gossip": 0.33333333333333326
    },
    "gossip": {
        "politics": 0.48639359487148953,
        "general": 0.0016597339039069897,
        "covid": 0.30761033418455086,
        "syria": 0.296969696969697,
        "islam": 0.23816365626710453,
        "notredame": 0.2163332163332163,
        "gossip": 0.33333333333333326
    }
}