{
    "politics": 0.5060751095908604,
    "general": 0.5473744563850221,
    "covid": 0.4154637349024843,
    "syria": 0.424071974221792,
    "islam": 0.3769980827152065,
    "notredame": 0.34815621020844545,
    "gossip": 0.36031947655398616
}