{
    "politics": 0.9361144419147824,
    "general": 0.6368144180480073,
    "covid": 0.42929068192898556,
    "syria": 0.38308969142749616,
    "islam": 0.29879154190830265,
    "notredame": 0.2512217589022199,
    "gossip": 0.24953459507396414
}