{
    "politics": {
        "politics": 0.9372998870700844,
        "general": 0.4122473659207343,
        "covid": 0.3965429137067428,
        "syria": 0.4074074074074074,
        "islam": 0.28545548654244307,
        "notredame": 0.44162943039347535,
        "gossip": 0.40476190476190466
    },
    "general": {
        "politics": 0.9329821094345734,
        "general": 0.3510985328929379,
        "covid": 0.42911978807244494,
        "syria": 0.4616296296296296,
        "islam": 0.2951122322146669,
        "notredame": 0.5847110097110098,
        "gossip": 0.4109868974636375
    },
    "covid": {
        "politics": 0.8819054054166485,
        "general": 0.022416160708032016,
        "covid": 0.37516047417622955,
        "syria": 0.3440769411212761,
        "islam": 0.23816365626710453,
        "notredame": 0.23550404624573423,
        "gossip": 0.33333333333333326
    },
    "syria": {
        "politics": 0.8850677247361527,
        "general": 0.017838159611595752,
        "covid": 0.3501463508784346,
        "syria": 0.3440769411212761,
        "islam": 0.23816365626710453,
        "notredame": 0.23550404624573423,
        "gossip": 0.33333333333333326
    },
    "islam": {
        "politics": 0.886070836414072,
        "general": 0.017838159611595752,
        "covid": 0.3789251694046995,
        "syria": 0.3440769411212761,
        "islam": 0.23816365626710453,
        "notredame": 0.23550404624573423,
        "gossip": 0.33333333333333326
    },
    "notredame": {
        "politics": 0.7796506066259533,
        "general": 0.010159908556905692,
        "covid": 0.3302332271989081,
        "syria": 0.317306052855925,
        "islam": 0.23816365626710453,
        "notredame": 0.2163332163332163,
        "gossip": 0.33333333333333326
    },
    "gossip": {
        "politics": 0.6929396141512,
        "general": 0.0039907208719050374,
        "covid": 0.32493743746512566,
        "syria": 0.2916666666666667,
        "islam": 0.23816365626710453,
        "notredame": 0.2163332163332163,
        "gossip": 0.33333333333333326
    }
}