{
    "politics": 0.5300886018744672,
    "general": 0.5164269509196205,
    "covid": 0.35857721975184625,
    "syria": 0.33752384476115366,
    "islam": 0.29229993261584286,
    "notredame": 0.26190087409699453,
    "gossip": 0.24953459507396414
}