{
    "politics": 0.5208252645450481,
    "general": 0.5597299786243951,
    "covid": 0.481666843283718,
    "syria": 0.5428390869499364,
    "islam": 0.6086508698139432,
    "notredame": 0.632075360764254,
    "gossip": 0.6363604544077899
}