{
    "politics": {
        "politics": 0.9376895182579126,
        "general": 0.38684956570092077,
        "covid": 0.4011488283266943,
        "syria": 0.4028570077101367,
        "islam": 0.32475456776656664,
        "notredame": 0.4415770079244772,
        "gossip": 0.3911719939117199
    },
    "general": {
        "politics": 0.9334239736907446,
        "general": 0.5438337311091928,
        "covid": 0.44174170459806805,
        "syria": 0.39756097560975606,
        "islam": 0.4471676467967567,
        "notredame": 0.44453311043001764,
        "gossip": 0.4761904761904762
    },
    "covid": {
        "politics": 0.8959210788427812,
        "general": 0.032261523820396334,
        "covid": 0.7161406877837994,
        "syria": 0.3440769411212761,
        "islam": 0.23816365626710453,
        "notredame": 0.23550404624573423,
        "gossip": 0.33333333333333326
    },
    "syria": {
        "politics": 0.8969227247369537,
        "general": 0.05305763012044256,
        "covid": 0.7320713566671725,
        "syria": 0.36684057971014494,
        "islam": 0.23816365626710453,
        "notredame": 0.23550404624573423,
        "gossip": 0.33333333333333326
    },
    "islam": {
        "politics": 0.797943619188482,
        "general": 0.019343131948147033,
        "covid": 0.6577526743876432,
        "syria": 0.31435960255886763,
        "islam": 0.23816365626710453,
        "notredame": 0.23550404624573423,
        "gossip": 0.33333333333333326
    },
    "notredame": {
        "politics": 0.6828978013148395,
        "general": 0.013238480692186107,
        "covid": 0.6434292448729623,
        "syria": 0.29432918395574,
        "islam": 0.25307007444930535,
        "notredame": 0.23550404624573423,
        "gossip": 0.33333333333333326
    },
    "gossip": {
        "politics": 0.6963020152275283,
        "general": 0.023177064099360798,
        "covid": 0.6717994959247118,
        "syria": 0.29432918395574,
        "islam": 0.25307007444930535,
        "notredame": 0.23550404624573423,
        "gossip": 0.3551783129359126
    }
}