{
    "politics": 0.9376895182579259,
    "general": 0.687237314281964,
    "covid": 0.5396793315165874,
    "syria": 0.5111828145215491,
    "islam": 0.40738640599253295,
    "notredame": 0.349732687885236,
    "gossip": 0.36031947655398616
}