{
    "politics": {
        "politics": 0.9376157720393675,
        "general": 0.4178477086490244,
        "covid": 0.3764494190354134,
        "syria": 0.3811148926911899,
        "islam": 0.3286783163949209,
        "notredame": 0.4216333296360656,
        "gossip": 0.40476190476190466
    },
    "general": {
        "politics": 0.8784583708539572,
        "general": 0.9607926574938418,
        "covid": 0.37206522505330425,
        "syria": 0.3710144927536232,
        "islam": 0.43494152046783624,
        "notredame": 0.4810030369352403,
        "gossip": 0.33333333333333326
    },
    "covid": {
        "politics": 0.9233123267591784,
        "general": 0.4478356837343966,
        "covid": 0.9142659565663714,
        "syria": 0.4863636363636364,
        "islam": 0.25307007444930535,
        "notredame": 0.28086194302410517,
        "gossip": 0.3658041603247082
    },
    "syria": {
        "politics": 0.9221686191057097,
        "general": 0.4145996975069938,
        "covid": 0.9108746828225814,
        "syria": 0.41766504065040644,
        "islam": 0.25002620994643643,
        "notredame": 0.267987987987988,
        "gossip": 0.37996031746031744
    },
    "islam": {
        "politics": 0.9192333156432168,
        "general": 0.45839097942877277,
        "covid": 0.908065160430366,
        "syria": 0.43003300330033,
        "islam": 0.743365351123972,
        "notredame": 0.267987987987988,
        "gossip": 0.42857142857142855
    },
    "notredame": {
        "politics": 0.9087483019309638,
        "general": 0.43290156744301794,
        "covid": 0.9018772426799522,
        "syria": 0.43464566929133863,
        "islam": 0.7777777777777778,
        "notredame": 0.7140562813952535,
        "gossip": 0.44852941176470584
    },
    "gossip": {
        "politics": 0.9107273937089911,
        "general": 0.5086931216175451,
        "covid": 0.9022980218762005,
        "syria": 0.43464566929133863,
        "islam": 0.7849817806714359,
        "notredame": 0.7233123233123233,
        "gossip": 0.52
    }
}