{
    "politics": 0.9376157720393805,
    "general": 0.9181890216574554,
    "covid": 0.7229060536515176,
    "syria": 0.6442288326917296,
    "islam": 0.6722631795214388,
    "notredame": 0.6791788794241415,
    "gossip": 0.6707921021556477
}