{
    "politics": 0.9369933673498577,
    "general": 0.9134103033810699,
    "covid": 0.6894494090301547,
    "syria": 0.5838666997034475,
    "islam": 0.6584439720455126,
    "notredame": 0.6437850150298653,
    "gossip": 0.6341655335197328
}