{
    "politics": {
        "politics": 0.9358037977441828,
        "general": 0.4485675860505867,
        "covid": 0.39785340076863374,
        "syria": 0.36363345338135256,
        "islam": 0.40192080378250594,
        "notredame": 0.43506955231093164,
        "gossip": 0.44147644487615345
    },
    "general": {
        "politics": 0.8629738437231144,
        "general": 0.9636290316862499,
        "covid": 0.3689464312493799,
        "syria": 0.3710144927536232,
        "islam": 0.4381974769529354,
        "notredame": 0.46118028140500045,
        "gossip": 0.33333333333333326
    },
    "covid": {
        "politics": 0.9220510548726366,
        "general": 0.13727602527859664,
        "covid": 0.9105051401555534,
        "syria": 0.34520123839009287,
        "islam": 0.23816365626710453,
        "notredame": 0.2901701701701702,
        "gossip": 0.33333333333333326
    },
    "syria": {
        "politics": 0.9273944784110065,
        "general": 0.3354049856775217,
        "covid": 0.9155672174207254,
        "syria": 0.48720865395338464,
        "islam": 0.24695707070707065,
        "notredame": 0.37976209719297177,
        "gossip": 0.4171928120446819
    },
    "islam": {
        "politics": 0.9296555295798298,
        "general": 0.4720803232892833,
        "covid": 0.8895334916340888,
        "syria": 0.4672161711313904,
        "islam": 0.6991540995391605,
        "notredame": 0.33531277756629874,
        "gossip": 0.47987336047037543
    },
    "notredame": {
        "politics": 0.9275905052345736,
        "general": 0.3920338651228685,
        "covid": 0.8887390941387372,
        "syria": 0.44764232057199743,
        "islam": 0.6140449207522379,
        "notredame": 0.7146716468750367,
        "gossip": 0.49500617214678483
    },
    "gossip": {
        "politics": 0.928021267268348,
        "general": 0.44518082607392695,
        "covid": 0.8773293755295084,
        "syria": 0.43364102564102563,
        "islam": 0.6054463756666009,
        "notredame": 0.6846846846846847,
        "gossip": 0.5604395604395604
    }
}