{
    "politics": 0.9372998870700977,
    "general": 0.604694553799909,
    "covid": 0.4290887413554875,
    "syria": 0.4050431672641504,
    "islam": 0.3819873556707536,
    "notredame": 0.316403371493143,
    "gossip": 0.2936607585154437
}