{
    "politics": 0.5042744161727293,
    "general": 0.5803482844711738,
    "covid": 0.5111848239437428,
    "syria": 0.48419357738111746,
    "islam": 0.5902643561597686,
    "notredame": 0.62120188827979,
    "gossip": 0.6341655335197328
}