{
    "politics": 0.50137937690332,
    "general": 0.5651941092096611,
    "covid": 0.5437149377520784,
    "syria": 0.5259745324201214,
    "islam": 0.5995320328918226,
    "notredame": 0.6519015824996878,
    "gossip": 0.6707921021556477
}