{
    "politics": {
        "politics": 0.9369933673498437,
        "general": 0.3746861735762252,
        "covid": 0.4145047971433571,
        "syria": 0.41827547592385217,
        "islam": 0.30976430976430974,
        "notredame": 0.4141905881036316,
        "gossip": 0.44147644487615345
    },
    "general": {
        "politics": 0.8985544999008861,
        "general": 0.9453103366003321,
        "covid": 0.4350823435940747,
        "syria": 0.3710144927536232,
        "islam": 0.4652242522282488,
        "notredame": 0.48609623355632064,
        "gossip": 0.3551783129359126
    },
    "covid": {
        "politics": 0.9193114856720396,
        "general": 0.31472998228123583,
        "covid": 0.9247088810527619,
        "syria": 0.36885104282364556,
        "islam": 0.25002620994643643,
        "notredame": 0.28552851831329357,
        "gossip": 0.38557993730407525
    },
    "syria": {
        "politics": 0.9147497872859445,
        "general": 0.2417945308940285,
        "covid": 0.8503179033735434,
        "syria": 0.3521159420289855,
        "islam": 0.278627061650324,
        "notredame": 0.23550404624573423,
        "gossip": 0.40476190476190466
    },
    "islam": {
        "politics": 0.9184603027919009,
        "general": 0.40218041416662664,
        "covid": 0.90990726285947,
        "syria": 0.3827224484758731,
        "islam": 0.7419770508676283,
        "notredame": 0.27616841331127046,
        "gossip": 0.48003097687797314
    },
    "notredame": {
        "politics": 0.9083960958334765,
        "general": 0.36264537198100544,
        "covid": 0.9151607732735129,
        "syria": 0.34903703703703703,
        "islam": 0.6781300277899663,
        "notredame": 0.6876106876106876,
        "gossip": 0.47252747252747246
    },
    "gossip": {
        "politics": 0.91003541653177,
        "general": 0.38684956570092077,
        "covid": 0.904128755881298,
        "syria": 0.33823462673020194,
        "islam": 0.6876780626780626,
        "notredame": 0.7217637382450243,
        "gossip": 0.5280995280995281
    }
}