{
    "politics": 0.9358037977441962,
    "general": 0.9125551567659341,
    "covid": 0.64524380346595,
    "syria": 0.6441741953120553,
    "islam": 0.6681760194314705,
    "notredame": 0.6511459048191068,
    "gossip": 0.6363604544077899
}