{
    "politics": 0.5035599040015483,
    "general": 0.516388880043962,
    "covid": 0.35673509842157886,
    "syria": 0.3538171726446309,
    "islam": 0.3576693214557747,
    "notredame": 0.3188475912830035,
    "gossip": 0.2936607585154437
}