{
    "politics": 0.9357945469547091,
    "general": 0.6601560644827826,
    "covid": 0.6909134012572715,
    "syria": 0.6170902074859064,
    "islam": 0.6991241226235089,
    "notredame": 0.7154675947040781,
    "gossip": 0.7098496754038809
}