{
    "politics": 0.4734166117206671,
    "general": 0.4649177603365348,
    "covid": 0.5300586051011072,
    "syria": 0.5398461591659912,
    "islam": 0.6473135841867071,
    "notredame": 0.6855687502167509,
    "gossip": 0.7098496754038809
}