{
    "politics": {
        "politics": 0.9330355622953301,
        "general": 0.14224488327988874,
        "covid": 0.6900185836471359,
        "syria": 0.43832002776813606,
        "islam": 0.3194814157547077,
        "notredame": 0.31938223938223936,
        "gossip": 0.33333333333333326
    },
    "general": {
        "politics": 0.3868309772079743,
        "general": 0.9680021644592334,
        "covid": 0.35970815038969056,
        "syria": 0.3710144927536232,
        "islam": 0.4381974769529354,
        "notredame": 0.46544868891237606,
        "gossip": 0.33333333333333326
    },
    "covid": {
        "politics": 0.8812695421499802,
        "general": 0.2688317323378688,
        "covid": 0.9161212136867845,
        "syria": 0.3558648687835291,
        "islam": 0.30246845114857535,
        "notredame": 0.38572370279687357,
        "gossip": 0.4357366771159875
    },
    "syria": {
        "politics": 0.8588011649041418,
        "general": 0.39825268510255496,
        "covid": 0.8364684043701778,
        "syria": 0.48260869565217385,
        "islam": 0.4477574097485602,
        "notredame": 0.5345564379132551,
        "gossip": 0.4255514705882353
    },
    "islam": {
        "politics": 0.8675652332544654,
        "general": 0.3824095169487235,
        "covid": 0.8512578163781201,
        "syria": 0.5168791992321404,
        "islam": 0.8276879792199888,
        "notredame": 0.35171364826537244,
        "gossip": 0.4415954415954416
    },
    "notredame": {
        "politics": 0.9018537015646396,
        "general": 0.2940280196237143,
        "covid": 0.8523297858298624,
        "syria": 0.5038632967971173,
        "islam": 0.7793257653938769,
        "notredame": 0.8611612059887922,
        "gossip": 0.5174503422735944
    },
    "gossip": {
        "politics": 0.8398249399879892,
        "general": 0.5326559914346827,
        "covid": 0.8251060219245545,
        "syria": 0.5025527301399567,
        "islam": 0.793366355866356,
        "notredame": 0.8398911000731356,
        "gossip": 0.6532027743778049
    }
}