{
    "politics": 0.4795453812958078,
    "general": 0.4649177603365348,
    "covid": 0.5177568557037256,
    "syria": 0.5718472424271356,
    "islam": 0.6123572880738903,
    "notredame": 0.6711739873154355,
    "gossip": 0.6970647252308749
}