{
    "politics": {
        "politics": 0.9357945469546963,
        "general": 0.16733257229038548,
        "covid": 0.6331293814160271,
        "syria": 0.4727774492410802,
        "islam": 0.3080818410447535,
        "notredame": 0.3143020453763064,
        "gossip": 0.3288590604026846
    },
    "general": {
        "politics": 0.3868309772079743,
        "general": 0.9680021644592334,
        "covid": 0.35970815038969056,
        "syria": 0.3710144927536232,
        "islam": 0.4381974769529354,
        "notredame": 0.46544868891237606,
        "gossip": 0.33333333333333326
    },
    "covid": {
        "politics": 0.8966247859774239,
        "general": 0.3393877057353357,
        "covid": 0.9284464826954464,
        "syria": 0.4488328258663187,
        "islam": 0.2612445812081632,
        "notredame": 0.36172084273350097,
        "gossip": 0.3743099006256901
    },
    "syria": {
        "politics": 0.8607321929440852,
        "general": 0.2712738997846807,
        "covid": 0.870008501339992,
        "syria": 0.5278697136853164,
        "islam": 0.3836050724637681,
        "notredame": 0.376855728968405,
        "gossip": 0.4047619047619048
    },
    "islam": {
        "politics": 0.8478224004666209,
        "general": 0.528122845663441,
        "covid": 0.9043064057602535,
        "syria": 0.4961880449393861,
        "islam": 0.8408231745874643,
        "notredame": 0.43506955231093164,
        "gossip": 0.5225694444444444
    },
    "notredame": {
        "politics": 0.9031478750544832,
        "general": 0.35279854630164337,
        "covid": 0.9071302373055097,
        "syria": 0.5265432098765431,
        "islam": 0.8484067756455815,
        "notredame": 0.8426493667872978,
        "gossip": 0.42857142857142855
    },
    "gossip": {
        "politics": 0.8367530697360671,
        "general": 0.5979087194192112,
        "covid": 0.9041141352435494,
        "syria": 0.46928104575163404,
        "islam": 0.8691397492207041,
        "notredame": 0.8125152179206233,
        "gossip": 0.5625
    }
}