{
    "politics": {
        "politics": 0.9352526509628558,
        "general": 0.1484644239369976,
        "covid": 0.5667742084758961,
        "syria": 0.38666666666666666,
        "islam": 0.2889906906404368,
        "notredame": 0.2315857210594053,
        "gossip": 0.33333333333333326
    },
    "general": {
        "politics": 0.3868309772079743,
        "general": 0.9680021644592334,
        "covid": 0.35970815038969056,
        "syria": 0.3710144927536232,
        "islam": 0.4381974769529354,
        "notredame": 0.46544868891237606,
        "gossip": 0.33333333333333326
    },
    "covid": {
        "politics": 0.9070675980128962,
        "general": 0.3582683003152414,
        "covid": 0.9379305313453843,
        "syria": 0.5133155133155133,
        "islam": 0.257996632996633,
        "notredame": 0.30265400535670806,
        "gossip": 0.36050156739811906
    },
    "syria": {
        "politics": 0.8674600227109585,
        "general": 0.4468683859917515,
        "covid": 0.9069711808713646,
        "syria": 0.5479962013295347,
        "islam": 0.3759481830762134,
        "notredame": 0.28552851831329357,
        "gossip": 0.32432432432432434
    },
    "islam": {
        "politics": 0.888979180582532,
        "general": 0.48949199904204765,
        "covid": 0.915606271988944,
        "syria": 0.5212121212121212,
        "islam": 0.8472222222222222,
        "notredame": 0.3891476279535981,
        "gossip": 0.4171928120446819
    },
    "notredame": {
        "politics": 0.8774508449571148,
        "general": 0.49383840362133,
        "covid": 0.8948646984152602,
        "syria": 0.5213886328725039,
        "islam": 0.8207182049774642,
        "notredame": 0.8070595159202755,
        "gossip": 0.4725620020199753
    },
    "gossip": {
        "politics": 0.7929864566322167,
        "general": 0.7164410312834348,
        "covid": 0.8714792591847937,
        "syria": 0.5285206619961418,
        "islam": 0.7921112860433249,
        "notredame": 0.795550056184519,
        "gossip": 0.5353535353535354
    }
}