{
    "politics": 0.9330355622953445,
    "general": 0.6601560644827826,
    "covid": 0.6645790946880001,
    "syria": 0.6222437820377316,
    "islam": 0.6707862655947149,
    "notredame": 0.6903960688902633,
    "gossip": 0.6970647252308749
}