{
    "politics": 0.43843947107023895,
    "general": 0.4649177603365348,
    "covid": 0.5429746899654833,
    "syria": 0.5586219186595047,
    "islam": 0.6397662043841589,
    "notredame": 0.6895396509752455,
    "gossip": 0.7025182899443162
}