{
    "politics": 0.9352526509628687,
    "general": 0.6601560644827826,
    "covid": 0.7020501469058971,
    "syria": 0.6665722912390795,
    "islam": 0.7085719513697359,
    "notredame": 0.716597255764364,
    "gossip": 0.7025182899443162
}