{
    "politics": 0.5456233095699786,
    "general": 0.46615973458966464,
    "covid": 0.6254591561177272,
    "syria": 0.6166072076042934,
    "islam": 0.6839300543116716,
    "notredame": 0.7131685994745849,
    "gossip": 0.7581424408904713
}