{
    "politics": 0.5930118275931988,
    "general": 0.6327613951450087,
    "covid": 0.6475420025914219,
    "syria": 0.6850386554527731,
    "islam": 0.6929746718020833,
    "notredame": 0.7452525646791489,
    "gossip": 0.7847306799186692
}