{
    "politics": 0.9459030748593206,
    "general": 0.7538820676467269,
    "covid": 0.751897390289261,
    "syria": 0.6990916996971249,
    "islam": 0.7352815041322788,
    "notredame": 0.75725210839825,
    "gossip": 0.7847306799186692
}