{
    "politics": 0.9469481861882673,
    "general": 0.664641845489695,
    "covid": 0.7363724406081142,
    "syria": 0.6746675726853525,
    "islam": 0.702930805502963,
    "notredame": 0.737235498922764,
    "gossip": 0.7581424408904713
}