{
    "politics": {
        "politics": 0.9469481861882565,
        "general": 0.46508148565499646,
        "covid": 0.4185789464846957,
        "syria": 0.47330447330447334,
        "islam": 0.5107760053173812,
        "notredame": 0.396023296023296,
        "gossip": 0.5091164095371669
    },
    "general": {
        "politics": 0.3953275430861853,
        "general": 0.9680021644592334,
        "covid": 0.35970815038969056,
        "syria": 0.3710144927536232,
        "islam": 0.4381974769529354,
        "notredame": 0.46544868891237606,
        "gossip": 0.33333333333333326
    },
    "covid": {
        "politics": 0.9309336499154905,
        "general": 0.41396580438030944,
        "covid": 0.9739056854630563,
        "syria": 0.49181437318723814,
        "islam": 0.30612344508283595,
        "notredame": 0.6352435714829989,
        "gossip": 0.5404411764705883
    },
    "syria": {
        "politics": 0.930438917159599,
        "general": 0.3492842132592825,
        "covid": 0.9758153048475652,
        "syria": 0.5147615168793556,
        "islam": 0.29250841750841755,
        "notredame": 0.6433290433290433,
        "gossip": 0.539894512400404
    },
    "islam": {
        "politics": 0.9345761653457496,
        "general": 0.317960789319964,
        "covid": 0.9438580296850644,
        "syria": 0.4647151751695939,
        "islam": 0.9033514730308594,
        "notredame": 0.7207207207207207,
        "gossip": 0.48574100046750823
    },
    "notredame": {
        "politics": 0.9383215082717827,
        "general": 0.30905686100345947,
        "covid": 0.8802539726109723,
        "syria": 0.5565217391304348,
        "islam": 0.9101892912868522,
        "notredame": 0.899599362956337,
        "gossip": 0.5174503422735944
    },
    "gossip": {
        "politics": 0.9374628894653969,
        "general": 0.6950954524346916,
        "covid": 0.8036796250244224,
        "syria": 0.433092095927345,
        "islam": 0.8620263481374592,
        "notredame": 0.8258522082051494,
        "gossip": 0.797077922077922
    }
}