{
    "politics": {
        "politics": 0.9459030748593096,
        "general": 0.5559719456870025,
        "covid": 0.5320920770022226,
        "syria": 0.414494301994302,
        "islam": 0.6355394524959742,
        "notredame": 0.34477194964999847,
        "gossip": 0.6576408341114223
    },
    "general": {
        "politics": 0.9414899312759097,
        "general": 0.6720637991730737,
        "covid": 0.5602140470363265,
        "syria": 0.43540519276160505,
        "islam": 0.6968315972222222,
        "notredame": 0.40896109598399677,
        "gossip": 0.6587715776796468
    },
    "covid": {
        "politics": 0.9454502561642287,
        "general": 0.5246315391348821,
        "covid": 0.9083401604903621,
        "syria": 0.433092095927345,
        "islam": 0.581594160297864,
        "notredame": 0.5010212686913718,
        "gossip": 0.5882166613873931
    },
    "syria": {
        "politics": 0.9454098962423971,
        "general": 0.5956748338394489,
        "covid": 0.8594562400280243,
        "syria": 0.433092095927345,
        "islam": 0.6657662872210433,
        "notredame": 0.6594928261594928,
        "gossip": 0.6482765551200884
    },
    "islam": {
        "politics": 0.9447419577566359,
        "general": 0.46887882539565273,
        "covid": 0.9190615263103593,
        "syria": 0.4787928574516841,
        "islam": 0.92387195306357,
        "notredame": 0.5461175461175461,
        "gossip": 0.5543672014260249
    },
    "notredame": {
        "politics": 0.9428775300608239,
        "general": 0.44628938926246176,
        "covid": 0.8924113312713011,
        "syria": 0.521181110755783,
        "islam": 0.9375776937994131,
        "notredame": 0.8918918918918919,
        "gossip": 0.6349153667441088
    },
    "gossip": {
        "politics": 0.9415704674679335,
        "general": 0.6703446648755245,
        "covid": 0.8635716947111982,
        "syria": 0.4509436230316144,
        "islam": 0.9364909538209214,
        "notredame": 0.9089995919264212,
        "gossip": 0.78
    }
}