{
    "politics": 0.9466705362274408,
    "general": 0.6720779752799658,
    "covid": 0.7739053755056954,
    "syria": 0.7250864354367972,
    "islam": 0.7714521520977341,
    "notredame": 0.7860147722963808,
    "gossip": 0.8039150302697149
}