{
    "politics": 0.9452515472925794,
    "general": 0.7021093040172156,
    "covid": 0.7988932789778919,
    "syria": 0.7382544414653931,
    "islam": 0.7795392110850257,
    "notredame": 0.7916150021749614,
    "gossip": 0.7900204423140266
}