{
    "politics": {
        "politics": 0.9453666266989713,
        "general": 0.5947267859697628,
        "covid": 0.3951624240500044,
        "syria": 0.44270133869381123,
        "islam": 0.5557875502997454,
        "notredame": 0.34477194964999847,
        "gossip": 0.6096486838154338
    },
    "general": {
        "politics": 0.9211891901858195,
        "general": 0.9672661285176248,
        "covid": 0.3849263550182852,
        "syria": 0.3710144927536232,
        "islam": 0.4689252786403794,
        "notredame": 0.5193304759868227,
        "gossip": 0.33333333333333326
    },
    "covid": {
        "politics": 0.933875899250365,
        "general": 0.8275281760248864,
        "covid": 0.9753569234800676,
        "syria": 0.4430555555555555,
        "islam": 0.5137085137085138,
        "notredame": 0.49656104508984733,
        "gossip": 0.6550324675324676
    },
    "syria": {
        "politics": 0.9377207382385112,
        "general": 0.8339272796956915,
        "covid": 0.9677781233357823,
        "syria": 0.4883384932920537,
        "islam": 0.5082771456665262,
        "notredame": 0.42855745840820464,
        "gossip": 0.6193910256410257
    },
    "islam": {
        "politics": 0.9409387689231657,
        "general": 0.831580264800498,
        "covid": 0.9578104564581774,
        "syria": 0.4870912082179688,
        "islam": 0.93036064332175,
        "notredame": 0.44808311961596636,
        "gossip": 0.66996699669967
    },
    "notredame": {
        "politics": 0.9403731241052292,
        "general": 0.804515958285383,
        "covid": 0.9630308903456622,
        "syria": 0.5372716614348928,
        "islam": 0.9378233555062825,
        "notredame": 0.8481315809560084,
        "gossip": 0.6496847162446201
    },
    "gossip": {
        "politics": 0.9401513512447408,
        "general": 0.8310327308026286,
        "covid": 0.9625402535933927,
        "syria": 0.5161133109960402,
        "islam": 0.93036064332175,
        "notredame": 0.8551843769235075,
        "gossip": 0.7348021215830272
    }
}