{
    "politics": 0.5550513458321216,
    "general": 0.5942139750689605,
    "covid": 0.6572581191893838,
    "syria": 0.6803531714343781,
    "islam": 0.722462560465906,
    "notredame": 0.7793938254838841,
    "gossip": 0.7900204423140266
}