{
    "politics": 0.9453666266989824,
    "general": 0.9452460465774456,
    "covid": 0.8839835190855547,
    "syria": 0.79902514388851,
    "islam": 0.8180167158270881,
    "notredame": 0.8238900568939868,
    "gossip": 0.8131837870484226
}