{
    "politics": 0.5658103449792657,
    "general": 0.5911832230238591,
    "covid": 0.6652653904725764,
    "syria": 0.7060608134184566,
    "islam": 0.7604316709580087,
    "notredame": 0.8062005513009913,
    "gossip": 0.8117873151555746
}