{
    "politics": 0.9452844689261082,
    "general": 0.9391626536602419,
    "covid": 0.8324288723701038,
    "syria": 0.7929176473263457,
    "islam": 0.8223547324018567,
    "notredame": 0.8189599166942575,
    "gossip": 0.8117873151555746
}