{
    "politics": {
        "politics": 0.9463725521704629,
        "general": 0.39845140168782295,
        "covid": 0.4431322557916298,
        "syria": 0.4287749287749288,
        "islam": 0.4580830830830831,
        "notredame": 0.38572370279687357,
        "gossip": 0.7106242248863167
    },
    "general": {
        "politics": 0.9200455411542979,
        "general": 0.967422209759735,
        "covid": 0.37080304460115016,
        "syria": 0.3710144927536232,
        "islam": 0.5256285692384348,
        "notredame": 0.5640439200810717,
        "gossip": 0.33333333333333326
    },
    "covid": {
        "politics": 0.9377289642800956,
        "general": 0.7232406367635109,
        "covid": 0.9624907626732166,
        "syria": 0.4008064647252979,
        "islam": 0.4199736143910901,
        "notredame": 0.6388791388791389,
        "gossip": 0.6643271284711626
    },
    "syria": {
        "politics": 0.941460275136924,
        "general": 0.745653431333706,
        "covid": 0.9596577823683746,
        "syria": 0.4509436230316144,
        "islam": 0.555250913924892,
        "notredame": 0.6510471462929813,
        "gossip": 0.5960257670051315
    },
    "islam": {
        "politics": 0.9407742858152056,
        "general": 0.7371030122612586,
        "covid": 0.9601845840296463,
        "syria": 0.49740061162079513,
        "islam": 0.9514493173995437,
        "notredame": 0.6697598697598698,
        "gossip": 0.5464100011063171
    },
    "notredame": {
        "politics": 0.9416481451806576,
        "general": 0.7168731448896671,
        "covid": 0.9493119817698141,
        "syria": 0.5222104394956992,
        "islam": 0.9513232868496027,
        "notredame": 0.8725994286969897,
        "gossip": 0.5464100011063171
    },
    "gossip": {
        "politics": 0.9402844323509651,
        "general": 0.7863739579738439,
        "covid": 0.9483111417330312,
        "syria": 0.5082400596951284,
        "islam": 0.9721442573286999,
        "notredame": 0.9275921884617536,
        "gossip": 0.7519636213311286
    }
}