{
    "politics": {
        "politics": 0.9452515472925684,
        "general": 0.4643439186920969,
        "covid": 0.41891473174504856,
        "syria": 0.48451437032117006,
        "islam": 0.5469939868764677,
        "notredame": 0.37560318939629284,
        "gossip": 0.5989304812834224
    },
    "general": {
        "politics": 0.9423972068811718,
        "general": 0.5664148855224381,
        "covid": 0.40665867658879107,
        "syria": 0.47022226023979585,
        "islam": 0.6657662872210433,
        "notredame": 0.4490876685998637,
        "gossip": 0.651567944250871
    },
    "covid": {
        "politics": 0.9455416198565726,
        "general": 0.641653783125635,
        "covid": 0.9377749260253169,
        "syria": 0.4573361823361824,
        "islam": 0.5256009748532181,
        "notredame": 0.3891476279535981,
        "gossip": 0.6565656565656566
    },
    "syria": {
        "politics": 0.941766436123098,
        "general": 0.6981981101992062,
        "covid": 0.9232235186829255,
        "syria": 0.46592920353982303,
        "islam": 0.6184580345028106,
        "notredame": 0.43956795585473585,
        "gossip": 0.6899689968996898
    },
    "islam": {
        "politics": 0.9412569699987632,
        "general": 0.7063507968888051,
        "covid": 0.9160635950468672,
        "syria": 0.53379641998397,
        "islam": 0.9164327719860998,
        "notredame": 0.45155870155870154,
        "gossip": 0.6691729323308272
    },
    "notredame": {
        "politics": 0.9396939547942751,
        "general": 0.7350447092733513,
        "covid": 0.9067811583758698,
        "syria": 0.5273651138435282,
        "islam": 0.9444444444444444,
        "notredame": 0.8025749630227242,
        "gossip": 0.7085720028137876
    },
    "gossip": {
        "politics": 0.9395392587629375,
        "general": 0.7414107724629928,
        "covid": 0.9019821354982949,
        "syria": 0.5348287953795379,
        "islam": 0.9513232868496027,
        "notredame": 0.8018018018018018,
        "gossip": 0.7681217864704104
    }
}