{
    "politics": {
        "politics": 0.9461767053194688,
        "general": 0.5086621633061232,
        "covid": 0.4196012339612267,
        "syria": 0.4606811145510836,
        "islam": 0.5944089236803294,
        "notredame": 0.3504355419249036,
        "gossip": 0.6093337556752191
    },
    "general": {
        "politics": 0.9429032737547473,
        "general": 0.6279507918721974,
        "covid": 0.4108431475622211,
        "syria": 0.3756457930487382,
        "islam": 0.7100241545893718,
        "notredame": 0.38312091355569616,
        "gossip": 0.6828644501278772
    },
    "covid": {
        "politics": 0.9458052622633913,
        "general": 0.7173297073592474,
        "covid": 0.9188982720467835,
        "syria": 0.4258535751472485,
        "islam": 0.5730845262440355,
        "notredame": 0.39399026355548095,
        "gossip": 0.686203056989574
    },
    "syria": {
        "politics": 0.9454440669102833,
        "general": 0.7273251303618127,
        "covid": 0.931496865198633,
        "syria": 0.4675014379894695,
        "islam": 0.5557875502997454,
        "notredame": 0.5237876457388653,
        "gossip": 0.6673051718923279
    },
    "islam": {
        "politics": 0.9439489772815035,
        "general": 0.7556180190304264,
        "covid": 0.9305173656636297,
        "syria": 0.48398272101278816,
        "islam": 0.875297619047619,
        "notredame": 0.5827581967932844,
        "gossip": 0.6683750376846548
    },
    "notredame": {
        "politics": 0.9429549506081724,
        "general": 0.7800280693953883,
        "covid": 0.9304473424770329,
        "syria": 0.5399687108077008,
        "islam": 0.9166666666666666,
        "notredame": 0.8111974043008525,
        "gossip": 0.6892230576441102
    },
    "gossip": {
        "politics": 0.9417261473846785,
        "general": 0.7889719617974629,
        "covid": 0.9353357727954055,
        "syria": 0.5565217391304348,
        "islam": 0.9307208994708994,
        "notredame": 0.8813447016756709,
        "gossip": 0.7996794871794871
    }
}