{
    "politics": {
        "politics": 0.9452844689260973,
        "general": 0.5112207168629188,
        "covid": 0.4786920883677549,
        "syria": 0.44820964003594915,
        "islam": 0.5659463920087735,
        "notredame": 0.3187550903594936,
        "gossip": 0.5741893219783819
    },
    "general": {
        "politics": 0.9169314800801912,
        "general": 0.9641884001557026,
        "covid": 0.42932121891636527,
        "syria": 0.3710144927536232,
        "islam": 0.49801587301587297,
        "notredame": 0.5022641689308356,
        "gossip": 0.33333333333333326
    },
    "covid": {
        "politics": 0.9388672776282915,
        "general": 0.7084671875418588,
        "covid": 0.9701101488031372,
        "syria": 0.4468524251805986,
        "islam": 0.4087514934289128,
        "notredame": 0.45489167328247787,
        "gossip": 0.6368917937545389
    },
    "syria": {
        "politics": 0.9401194854089259,
        "general": 0.8413515958754472,
        "covid": 0.9596981710264768,
        "syria": 0.4430555555555555,
        "islam": 0.52742523247047,
        "notredame": 0.46709607014950527,
        "gossip": 0.665958092924385
    },
    "islam": {
        "politics": 0.9410352389941876,
        "general": 0.8383277079810114,
        "covid": 0.9491579002691871,
        "syria": 0.5426420052557105,
        "islam": 0.9166666666666666,
        "notredame": 0.549050478233802,
        "gossip": 0.6398559423769509
    },
    "notredame": {
        "politics": 0.9420513194198205,
        "general": 0.8086291484589745,
        "covid": 0.9458586761614493,
        "syria": 0.53379641998397,
        "islam": 0.9027777777777778,
        "notredame": 0.8659984537847133,
        "gossip": 0.7299729972997301
    },
    "gossip": {
        "politics": 0.9412936437709978,
        "general": 0.8188016278486782,
        "covid": 0.9333997300542264,
        "syria": 0.4967283296021366,
        "islam": 0.9374156545209177,
        "notredame": 0.8551843769235075,
        "gossip": 0.7756017951856384
    }
}