{
    "politics": 0.5670500427372059,
    "general": 0.5874957818545271,
    "covid": 0.7046425194664125,
    "syria": 0.696155104612205,
    "islam": 0.7546685960878642,
    "notredame": 0.798855940955545,
    "gossip": 0.8131837870484226
}