{
    "politics": 0.9463725521704736,
    "general": 0.9440109849355615,
    "covid": 0.8355343930589286,
    "syria": 0.7644479020117271,
    "islam": 0.8011345238860975,
    "notredame": 0.8086600975129705,
    "gossip": 0.8222107192848715
}