{
    "politics": 0.5415121103159316,
    "general": 0.5821948869184707,
    "covid": 0.653138889019791,
    "syria": 0.6848527468849627,
    "islam": 0.7432428973150529,
    "notredame": 0.7722085571609035,
    "gossip": 0.8039150302697149
}