{
    "politics": 0.5664841183535197,
    "general": 0.6050249188990426,
    "covid": 0.6784629370360278,
    "syria": 0.690335259975574,
    "islam": 0.7425895813116545,
    "notredame": 0.788033550839471,
    "gossip": 0.8193467339732567
}