{
    "politics": 0.9461767053194797,
    "general": 0.7318139735870163,
    "covid": 0.8212993805578743,
    "syria": 0.7542717477394579,
    "islam": 0.7854423369031389,
    "notredame": 0.8048212369993791,
    "gossip": 0.8193467339732567
}