{
    "politics": 0.553948345373017,
    "general": 0.5985178576920792,
    "covid": 0.6930155352339679,
    "syria": 0.7050390777937636,
    "islam": 0.7507092187643047,
    "notredame": 0.7750919763670894,
    "gossip": 0.8222107192848715
}