{
    "politics": {
        "politics": 0.9466705362274299,
        "general": 0.40061077750321195,
        "covid": 0.4905426644675761,
        "syria": 0.5114285714285715,
        "islam": 0.45292207792207795,
        "notredame": 0.3504355419249036,
        "gossip": 0.5960257670051315
    },
    "general": {
        "politics": 0.9446592524489684,
        "general": 0.49607996173873803,
        "covid": 0.4823215436367656,
        "syria": 0.4621991854868567,
        "islam": 0.6819122694122695,
        "notredame": 0.36180229477083103,
        "gossip": 0.6338529134846741
    },
    "covid": {
        "politics": 0.944547631494868,
        "general": 0.5637662986246311,
        "covid": 0.9396682980146676,
        "syria": 0.4452140452140452,
        "islam": 0.5700758834607289,
        "notredame": 0.4795082708126186,
        "gossip": 0.6006725514922236
    },
    "syria": {
        "politics": 0.9423682312875478,
        "general": 0.6299694471107911,
        "covid": 0.9401957591315915,
        "syria": 0.4711251331866551,
        "islam": 0.5790715694561849,
        "notredame": 0.5765765765765766,
        "gossip": 0.6969696969696969
    },
    "islam": {
        "politics": 0.9421275145453233,
        "general": 0.6622001185245576,
        "covid": 0.9463307367796874,
        "syria": 0.4709480122324159,
        "islam": 0.9241097477845943,
        "notredame": 0.6529611192077439,
        "gossip": 0.6874684948079443
    },
    "notredame": {
        "politics": 0.9426371105231509,
        "general": 0.6476043541033595,
        "covid": 0.9373100460816781,
        "syria": 0.5141414141414142,
        "islam": 0.910311520109066,
        "notredame": 0.8813447016756709,
        "gossip": 0.6897207486738064
    },
    "gossip": {
        "politics": 0.9411076196806961,
        "general": 0.7251241328155188,
        "covid": 0.9416722058088334,
        "syria": 0.506791569086651,
        "islam": 0.9240063233965673,
        "notredame": 0.909490235577192,
        "gossip": 0.797979797979798
    }
}