{
    "politics": 0.9368165575550634,
    "general": 0.5047798847033125,
    "covid": 0.4465228703723607,
    "syria": 0.3492606768245572,
    "islam": 0.305399588782272,
    "notredame": 0.2885164484792203,
    "gossip": 0.28658944032298
}