{
    "politics": 0.9368091750403124,
    "general": 0.7179272579241581,
    "covid": 0.7555446147729972,
    "syria": 0.591397738375587,
    "islam": 0.6638848677684527,
    "notredame": 0.6753125395597661,
    "gossip": 0.5462172733186875
}