{
    "politics": 0.937103962048972,
    "general": 0.4745961913184421,
    "covid": 0.3968720749713887,
    "syria": 0.3266677755185839,
    "islam": 0.304455849981497,
    "notredame": 0.2765599478571944,
    "gossip": 0.2744118974712177
}