{
    "politics": 0.4411049137048645,
    "general": 0.46866490888752876,
    "covid": 0.571957070110343,
    "syria": 0.46479206924525124,
    "islam": 0.6032923650601294,
    "notredame": 0.6526699459753583,
    "gossip": 0.6448728614963992
}