{
    "politics": 0.4243544993167917,
    "general": 0.49380176153182936,
    "covid": 0.6128263729613259,
    "syria": 0.4889861190824826,
    "islam": 0.6133215156546924,
    "notredame": 0.6604917436944455,
    "gossip": 0.5462172733186875
}