{
    "politics": 0.4482838319029352,
    "general": 0.4117411379774589,
    "covid": 0.37113237386411624,
    "syria": 0.32567357377085626,
    "islam": 0.29769090681056354,
    "notredame": 0.28759242469660384,
    "gossip": 0.27296029048062703
}