{
    "politics": 0.9364420601613733,
    "general": 0.6721771299879695,
    "covid": 0.6845962186572224,
    "syria": 0.5517620217120486,
    "islam": 0.6582211687307933,
    "notredame": 0.673346141485252,
    "gossip": 0.6448728614963992
}