{
    "politics": {
        "politics": 0.9362431164780305,
        "general": 0.17156063614022676,
        "covid": 0.5801166204930934,
        "syria": 0.435403608736942,
        "islam": 0.27525252525252525,
        "notredame": 0.27240130719283784,
        "gossip": 0.3288590604026846
    },
    "general": {
        "politics": 0.9345733621811495,
        "general": 0.05970414467674736,
        "covid": 0.5511888973840946,
        "syria": 0.3906015193656856,
        "islam": 0.23816365626710453,
        "notredame": 0.2458058058058058,
        "gossip": 0.33333333333333326
    },
    "covid": {
        "politics": 0.9030780628231745,
        "general": 0.013280425743313212,
        "covid": 0.48450404722127466,
        "syria": 0.3202354131224424,
        "islam": 0.23816365626710453,
        "notredame": 0.2163332163332163,
        "gossip": 0.33333333333333326
    },
    "syria": {
        "politics": 0.7861599891845324,
        "general": 0.0047840377011587965,
        "covid": 0.38453175422269287,
        "syria": 0.3074074074074074,
        "islam": 0.23816365626710453,
        "notredame": 0.2163332163332163,
        "gossip": 0.33333333333333326
    },
    "islam": {
        "politics": 0.6973047600257584,
        "general": 0.0032312681635021955,
        "covid": 0.3292215642395905,
        "syria": 0.310186955102802,
        "islam": 0.23816365626710453,
        "notredame": 0.2163332163332163,
        "gossip": 0.33333333333333326
    },
    "notredame": {
        "politics": 0.6542727807062156,
        "general": 0.0016760311499166135,
        "covid": 0.34026523127021024,
        "syria": 0.296969696969697,
        "islam": 0.23816365626710453,
        "notredame": 0.2163332163332163,
        "gossip": 0.33333333333333326
    },
    "gossip": {
        "politics": 0.6001895702433452,
        "general": 0.0016760311499166135,
        "covid": 0.3169589745820772,
        "syria": 0.296969696969697,
        "islam": 0.23816365626710453,
        "notredame": 0.2163332163332163,
        "gossip": 0.33333333333333326
    }
}