{
    "politics": {
        "politics": 0.9375165325772283,
        "general": 0.23520068042007067,
        "covid": 0.5406098021643077,
        "syria": 0.4729419074246661,
        "islam": 0.2819823232323232,
        "notredame": 0.2901701701701702,
        "gossip": 0.33333333333333326
    },
    "general": {
        "politics": 0.5759851947473692,
        "general": 0.9617353365465942,
        "covid": 0.3618230656650915,
        "syria": 0.3710144927536232,
        "islam": 0.4381974769529354,
        "notredame": 0.46544868891237606,
        "gossip": 0.3497730339835603
    },
    "covid": {
        "politics": 0.9138299925033696,
        "general": 0.29175376536600284,
        "covid": 0.9261076880378145,
        "syria": 0.5516798902928789,
        "islam": 0.3454613584850479,
        "notredame": 0.48938223938223935,
        "gossip": 0.41561477325853197
    },
    "syria": {
        "politics": 0.9000029805428879,
        "general": 0.13289032385271088,
        "covid": 0.9033654600724014,
        "syria": 0.48460180280643067,
        "islam": 0.3208188657407407,
        "notredame": 0.4544726544726545,
        "gossip": 0.37996031746031744
    },
    "islam": {
        "politics": 0.8963871772226799,
        "general": 0.31951392175340104,
        "covid": 0.8853545157136856,
        "syria": 0.47078604455653644,
        "islam": 0.7644355478380174,
        "notredame": 0.4149956408020924,
        "gossip": 0.39290917921321034
    },
    "notredame": {
        "politics": 0.8872497925428083,
        "general": 0.3018087517530964,
        "covid": 0.8825120656900579,
        "syria": 0.41705876033945644,
        "islam": 0.7790660225442834,
        "notredame": 0.7401954628447828,
        "gossip": 0.42857142857142855
    },
    "gossip": {
        "politics": 0.8849180319424079,
        "general": 0.3700559639571864,
        "covid": 0.8858255418096984,
        "syria": 0.40428000584119905,
        "islam": 0.7505788153579007,
        "notredame": 0.7501521588478111,
        "gossip": 0.4415954415954416
    }
}