{
    "politics": 0.9375165325772415,
    "general": 0.7564232532518674,
    "covid": 0.6832143897159948,
    "syria": 0.5994053926538746,
    "islam": 0.6527262432336103,
    "notredame": 0.6616565159544475,
    "gossip": 0.6379092876370573
}