{
    "politics": {
        "politics": 0.9368165575550496,
        "general": 0.13626720719572513,
        "covid": 0.6185524459409232,
        "syria": 0.3940680822379508,
        "islam": 0.3156947890818859,
        "notredame": 0.2315857210594053,
        "gossip": 0.3288590604026846
    },
    "general": {
        "politics": 0.9191929904681382,
        "general": 0.09636452942801378,
        "covid": 0.536115046851427,
        "syria": 0.4757667677789012,
        "islam": 0.30612344508283595,
        "notredame": 0.25001365510646356,
        "gossip": 0.33333333333333326
    },
    "covid": {
        "politics": 0.9123606871249593,
        "general": 0.010199384398614592,
        "covid": 0.3983405560054309,
        "syria": 0.3074074074074074,
        "islam": 0.23816365626710453,
        "notredame": 0.2163332163332163,
        "gossip": 0.33333333333333326
    },
    "syria": {
        "politics": 0.7793344184527855,
        "general": 0.0024539584592738095,
        "covid": 0.3159267369017659,
        "syria": 0.310186955102802,
        "islam": 0.23816365626710453,
        "notredame": 0.2163332163332163,
        "gossip": 0.33333333333333326
    },
    "islam": {
        "politics": 0.7072988617519457,
        "general": 0.0024539584592738095,
        "covid": 0.30761033418455086,
        "syria": 0.310186955102802,
        "islam": 0.23816365626710453,
        "notredame": 0.2163332163332163,
        "gossip": 0.33333333333333326
    },
    "notredame": {
        "politics": 0.6953801777239008,
        "general": 0.0024539584592738095,
        "covid": 0.30761033418455086,
        "syria": 0.310186955102802,
        "islam": 0.23816365626710453,
        "notredame": 0.2163332163332163,
        "gossip": 0.33333333333333326
    },
    "gossip": {
        "politics": 0.6607724384349984,
        "general": 0.0024539584592738095,
        "covid": 0.30761033418455086,
        "syria": 0.310186955102802,
        "islam": 0.23816365626710453,
        "notredame": 0.2163332163332163,
        "gossip": 0.33333333333333326
    }
}