{
    "politics": {
        "politics": 0.9364420601613601,
        "general": 0.18911469931407077,
        "covid": 0.6027300818648403,
        "syria": 0.38450292397660824,
        "islam": 0.2612445812081632,
        "notredame": 0.25001365510646356,
        "gossip": 0.32432432432432434
    },
    "general": {
        "politics": 0.4125094790088743,
        "general": 0.9650521554788285,
        "covid": 0.362010468193926,
        "syria": 0.3710144927536232,
        "islam": 0.4381974769529354,
        "notredame": 0.46544868891237606,
        "gossip": 0.33333333333333326
    },
    "covid": {
        "politics": 0.8958654748239504,
        "general": 0.3308951893479487,
        "covid": 0.9189939147910113,
        "syria": 0.5454545454545454,
        "islam": 0.32475456776656664,
        "notredame": 0.4612213802042306,
        "gossip": 0.5017958521608157
    },
    "syria": {
        "politics": 0.846105760037695,
        "general": 0.14323387125703899,
        "covid": 0.8642749267599826,
        "syria": 0.38994521430873347,
        "islam": 0.2612445812081632,
        "notredame": 0.3357301064582968,
        "gossip": 0.32432432432432434
    },
    "islam": {
        "politics": 0.8702971578999671,
        "general": 0.3021229658692889,
        "covid": 0.8833448740642067,
        "syria": 0.4833097973359795,
        "islam": 0.8277854972128776,
        "notredame": 0.4216333296360656,
        "gossip": 0.4233836339099497
    },
    "notredame": {
        "politics": 0.876857739452139,
        "general": 0.3029900431976361,
        "covid": 0.8762800016399397,
        "syria": 0.40012449424214136,
        "islam": 0.8140406962610007,
        "notredame": 0.8205226936570221,
        "gossip": 0.4761904761904762
    },
    "gossip": {
        "politics": 0.8959669322798746,
        "general": 0.38004672194655054,
        "covid": 0.8688874559000154,
        "syria": 0.4170792079207921,
        "islam": 0.691610305958132,
        "notredame": 0.7774629167086688,
        "gossip": 0.5523528769516323
    }
}