{
    "politics": 0.4413288836029992,
    "general": 0.42707031129547723,
    "covid": 0.35949463790626496,
    "syria": 0.3153304914438832,
    "islam": 0.2971397907703977,
    "notredame": 0.29438767648884445,
    "gossip": 0.28658944032298
}