{
    "politics": {
        "politics": 0.9371039620489584,
        "general": 0.1654545325362471,
        "covid": 0.6451214581266241,
        "syria": 0.41766504065040644,
        "islam": 0.3539496527777778,
        "notredame": 0.2315857210594053,
        "gossip": 0.3288590604026846
    },
    "general": {
        "politics": 0.9004270764618112,
        "general": 0.046540440477451366,
        "covid": 0.47703568730642026,
        "syria": 0.3701381612952796,
        "islam": 0.25307007444930535,
        "notredame": 0.23550404624573423,
        "gossip": 0.33333333333333326
    },
    "covid": {
        "politics": 0.7741587070162915,
        "general": 0.06767874185425332,
        "covid": 0.3986931196880961,
        "syria": 0.34520123839009287,
        "islam": 0.23816365626710453,
        "notredame": 0.23550404624573423,
        "gossip": 0.3288590604026846
    },
    "syria": {
        "politics": 0.6910436744530147,
        "general": 0.014817299123078609,
        "covid": 0.3622693207189523,
        "syria": 0.30460864101031465,
        "islam": 0.23816365626710453,
        "notredame": 0.2163332163332163,
        "gossip": 0.33333333333333326
    },
    "islam": {
        "politics": 0.6674546229505419,
        "general": 0.00942760014053666,
        "covid": 0.370767300604016,
        "syria": 0.30460864101031465,
        "islam": 0.23816365626710453,
        "notredame": 0.2163332163332163,
        "gossip": 0.33333333333333326
    },
    "notredame": {
        "politics": 0.6546577318823229,
        "general": 0.004007960999040457,
        "covid": 0.30907206710228946,
        "syria": 0.296969696969697,
        "islam": 0.23816365626710453,
        "notredame": 0.2163332163332163,
        "gossip": 0.33333333333333326
    },
    "gossip": {
        "politics": 0.6117137494040856,
        "general": 0.0024539584592738095,
        "covid": 0.30886274565832367,
        "syria": 0.296969696969697,
        "islam": 0.23816365626710453,
        "notredame": 0.2163332163332163,
        "gossip": 0.33333333333333326
    }
}