{
    "politics": {
        "politics": 0.9368091750402989,
        "general": 0.16021738411329267,
        "covid": 0.5295625467439814,
        "syria": 0.38581116327595205,
        "islam": 0.25002620994643643,
        "notredame": 0.25001365510646356,
        "gossip": 0.3288590604026846
    },
    "general": {
        "politics": 0.5292604376128386,
        "general": 0.9414143965378037,
        "covid": 0.37858632417553195,
        "syria": 0.3710144927536232,
        "islam": 0.450291077890919,
        "notredame": 0.4763023893458676,
        "gossip": 0.36290419521577116
    },
    "covid": {
        "politics": 0.8227543231852482,
        "general": 0.6577085092181009,
        "covid": 0.9067294519915517,
        "syria": 0.5096056622851365,
        "islam": 0.4199736143910901,
        "notredame": 0.39542531036783907,
        "gossip": 0.5288220551378446
    },
    "syria": {
        "politics": 0.8849491943507377,
        "general": 0.22227866690564402,
        "covid": 0.8616407126079616,
        "syria": 0.4606389718526564,
        "islam": 0.2676726520653438,
        "notredame": 0.23550404624573423,
        "gossip": 0.38694554633970424
    },
    "islam": {
        "politics": 0.8929178552380999,
        "general": 0.45739463864081403,
        "covid": 0.8530762788404443,
        "syria": 0.5083280920492804,
        "islam": 0.7241572067423461,
        "notredame": 0.38572370279687357,
        "gossip": 0.524596940884663
    },
    "notredame": {
        "politics": 0.9033092003115464,
        "general": 0.4020795531796064,
        "covid": 0.8617530187364839,
        "syria": 0.4484184152834325,
        "islam": 0.7367220828777842,
        "notredame": 0.7774629167086688,
        "gossip": 0.5626666666666666
    },
    "gossip": {
        "politics": 0.9066515763386606,
        "general": 0.18695329913454362,
        "covid": 0.823235229152043,
        "syria": 0.3521159420289855,
        "islam": 0.46263006317354144,
        "notredame": 0.6279426967951558,
        "gossip": 0.4350282485875706
    }
}