{
    "politics": 0.936243116478044,
    "general": 0.503370370808366,
    "covid": 0.4655538081284948,
    "syria": 0.3654978019778718,
    "islam": 0.3061381202385075,
    "notredame": 0.28073485861133823,
    "gossip": 0.27296029048062703
}