{
    "politics": 0.4591031363036166,
    "general": 0.3843650431605865,
    "covid": 0.3397478579850675,
    "syria": 0.30144689052451906,
    "islam": 0.296548610396387,
    "notredame": 0.283953083304735,
    "gossip": 0.2744118974712177
}