{
    "politics": 0.458215571197455,
    "general": 0.49782120380497635,
    "covid": 0.5667916882263832,
    "syria": 0.5197818461432736,
    "islam": 0.5912815818097187,
    "notredame": 0.6361791333320718,
    "gossip": 0.6379092876370573
}