{
    "politics": 0.909554613702511,
    "general": 0.7595525013973367,
    "covid": 0.8444541635142203,
    "syria": 0.3726724364017833,
    "islam": 0.7861274710293116,
    "notredame": 0.679769605671245,
    "gossip": 0.40476190476190466
}