{
    "gossip": 0.5999101652323064,
    "notredame": 0.43043235241018235,
    "islam": 0.6502677206016925,
    "syria": 0.6986973197230887,
    "covid": 0.45510982129213606,
    "general": 0.4835364908663338,
    "politics": 0.5192775458106206
}