{
    "politics": {
        "politics": 0.9377790938759288,
        "general": 0.4239117094152354,
        "covid": 0.38829836119151,
        "syria": 0.39944903581267216,
        "islam": 0.3577107049329271,
        "notredame": 0.44808311961596636,
        "gossip": 0.5017958521608157
    },
    "general": {
        "politics": 0.4787469603751531,
        "general": 0.9695286527619127,
        "covid": 0.35970815038969056,
        "syria": 0.3710144927536232,
        "islam": 0.4381974769529354,
        "notredame": 0.46544868891237606,
        "gossip": 0.33333333333333326
    },
    "covid": {
        "politics": 0.8862540908417391,
        "general": 0.10117177904868105,
        "covid": 0.9327237685248136,
        "syria": 0.32051282051282054,
        "islam": 0.25307007444930535,
        "notredame": 0.25418614102824627,
        "gossip": 0.33333333333333326
    },
    "syria": {
        "politics": 0.8973012409419336,
        "general": 0.4916437644525665,
        "covid": 0.8732626370603999,
        "syria": 0.569028327598752,
        "islam": 0.39277180406212664,
        "notredame": 0.5386800408656078,
        "gossip": 0.4916485112563544
    },
    "islam": {
        "politics": 0.9169538970243086,
        "general": 0.5940017389358379,
        "covid": 0.840083928413585,
        "syria": 0.5502178861788618,
        "islam": 0.8503187613843352,
        "notredame": 0.549050478233802,
        "gossip": 0.5699569956995699
    },
    "notredame": {
        "politics": 0.905376360219172,
        "general": 0.5151196158700644,
        "covid": 0.875092873751692,
        "syria": 0.4783691254279489,
        "islam": 0.8408231745874643,
        "notredame": 0.8361992654675583,
        "gossip": 0.58995899589959
    },
    "gossip": {
        "politics": 0.9019607258441196,
        "general": 0.7603239930064459,
        "covid": 0.8307256276750768,
        "syria": 0.4931978977157873,
        "islam": 0.8400622282201229,
        "notredame": 0.7678029442735325,
        "gossip": 0.7564935064935066
    }
}