{
    "politics": 0.8088225684472047,
    "general": 0.4996925256122196,
    "covid": 0.7969503775614597,
    "syria": 0.8260271870043658,
    "islam": 0.8531437843563995,
    "notredame": 0.8333996957922525,
    "gossip": 0.8667468877832871
}