{
    "politics": {
        "politics": 0.9373031432286281,
        "general": 0.40203284259155064,
        "covid": 0.3844306750674301,
        "syria": 0.42947658402203864,
        "islam": 0.39023168189834856,
        "notredame": 0.2989392862810584,
        "gossip": 0.4350282485875706
    },
    "general": {
        "politics": 0.46084974277100305,
        "general": 0.9705443643365154,
        "covid": 0.35970815038969056,
        "syria": 0.3710144927536232,
        "islam": 0.4381974769529354,
        "notredame": 0.46544868891237606,
        "gossip": 0.33333333333333326
    },
    "covid": {
        "politics": 0.8882842607285196,
        "general": 0.14484839253683146,
        "covid": 0.9426686587235993,
        "syria": 0.32916959887403235,
        "islam": 0.25307007444930535,
        "notredame": 0.27240130719283784,
        "gossip": 0.33333333333333326
    },
    "syria": {
        "politics": 0.8911460647820175,
        "general": 0.49996338038709276,
        "covid": 0.9028241722190069,
        "syria": 0.5151515151515151,
        "islam": 0.3577107049329271,
        "notredame": 0.4725370531822145,
        "gossip": 0.5219204557013528
    },
    "islam": {
        "politics": 0.913698659739107,
        "general": 0.5852857830630191,
        "covid": 0.8726310759962268,
        "syria": 0.5309055752497582,
        "islam": 0.8946085916424901,
        "notredame": 0.5046337080235385,
        "gossip": 0.5798319327731093
    },
    "notredame": {
        "politics": 0.8979112197262884,
        "general": 0.4784574376162657,
        "covid": 0.8984641041191322,
        "syria": 0.5044506691565515,
        "islam": 0.8551042522679299,
        "notredame": 0.8558558558558559,
        "gossip": 0.5757575757575758
    },
    "gossip": {
        "politics": 0.9128361467838267,
        "general": 0.7058466171610243,
        "covid": 0.853746303952828,
        "syria": 0.5401328380051784,
        "islam": 0.8757376081825334,
        "notredame": 0.7811964562267706,
        "gossip": 0.6969696969696969
    }
}