{
    "gossip": {
        "gossip": 0.7348021215830272,
        "notredame": 0.46544868891237606,
        "islam": 0.47467948717948716,
        "syria": 0.4309574217831099,
        "covid": 0.49821657520054385,
        "general": 0.9344364776565731,
        "politics": 0.439342756671434
    },
    "notredame": {
        "gossip": 0.45436507936507936,
        "notredame": 0.8500121743364987,
        "islam": 0.23816365626710453,
        "syria": 0.296969696969697,
        "covid": 0.5443034940490632,
        "general": 0.1792081620002644,
        "politics": 0.28607355065824003
    },
    "islam": {
        "gossip": 0.7277951406391773,
        "notredame": 0.7815350952218041,
        "islam": 0.8227404290230231,
        "syria": 0.3844120940649496,
        "covid": 0.6561751045636163,
        "general": 0.6912263087511376,
        "politics": 0.5382892286134447
    },
    "syria": {
        "gossip": 0.5,
        "notredame": 0.6087573641753208,
        "islam": 0.7653349456395586,
        "syria": 0.5285206619961418,
        "covid": 0.511124982523594,
        "general": 0.9146646721715606,
        "politics": 0.47471207641377544
    },
    "covid": {
        "gossip": 0.33333333333333326,
        "notredame": 0.46815282435720396,
        "islam": 0.3870804398148148,
        "syria": 0.296969696969697,
        "covid": 0.9440915563174362,
        "general": 0.08554508064413392,
        "politics": 0.3087191406723272
    },
    "general": {
        "gossip": 0.33333333333333326,
        "notredame": 0.46544868891237606,
        "islam": 0.4689252786403794,
        "syria": 0.3710144927536232,
        "covid": 0.43066096541920884,
        "general": 0.9708146485318487,
        "politics": 0.3869037334065389
    },
    "politics": {
        "gossip": 0.47150735294117646,
        "notredame": 0.6200521772078927,
        "islam": 0.7131469321187345,
        "syria": 0.42101806239737277,
        "covid": 0.5548217509314146,
        "general": 0.41878307706023166,
        "politics": 0.9355765647700085
    }
}