{
    "politics": 0.5226397872417521,
    "general": 0.49306821295201636,
    "covid": 0.5119926734852333,
    "syria": 0.5896744264076553,
    "islam": 0.684978879541244,
    "notredame": 0.6947961726454713,
    "gossip": 0.757023074124591
}