{
    "politics": {
        "politics": 0.9370115922399849,
        "general": 0.43977219390805367,
        "covid": 0.39966948125263646,
        "syria": 0.38773946360153255,
        "islam": 0.332591214042827,
        "notredame": 0.4280134148747287,
        "gossip": 0.4590695997115038
    },
    "general": {
        "politics": 0.4322561785776136,
        "general": 0.971030064438122,
        "covid": 0.35970815038969056,
        "syria": 0.3710144927536232,
        "islam": 0.4381974769529354,
        "notredame": 0.46544868891237606,
        "gossip": 0.33333333333333326
    },
    "covid": {
        "politics": 0.8887300692628987,
        "general": 0.14484839253683146,
        "covid": 0.9294301905234938,
        "syria": 0.3440769411212761,
        "islam": 0.23528602860286027,
        "notredame": 0.25418614102824627,
        "gossip": 0.35031185031185025
    },
    "syria": {
        "politics": 0.8878883271031033,
        "general": 0.4358801354695462,
        "covid": 0.8997986812994939,
        "syria": 0.5002183839587055,
        "islam": 0.34979204524327856,
        "notredame": 0.38572370279687357,
        "gossip": 0.4276736617663562
    },
    "islam": {
        "politics": 0.9166501845570538,
        "general": 0.5822377632227694,
        "covid": 0.8595860265262005,
        "syria": 0.4573361823361824,
        "islam": 0.8732635342185904,
        "notredame": 0.4283394207058329,
        "gossip": 0.6
    },
    "notredame": {
        "politics": 0.8814813578050097,
        "general": 0.4557870947246497,
        "covid": 0.8824967677821942,
        "syria": 0.43364102564102563,
        "islam": 0.8415561753846982,
        "notredame": 0.8168696865879964,
        "gossip": 0.5974235104669887
    },
    "gossip": {
        "politics": 0.9051340291759796,
        "general": 0.7576839403171558,
        "covid": 0.8317636172889671,
        "syria": 0.47450980392156855,
        "islam": 0.8757376081825334,
        "notredame": 0.7379976750944494,
        "gossip": 0.7584541062801933
    }
}