{
    "gossip": 0.4936505143034472,
    "notredame": 0.29225624294291463,
    "islam": 0.5579530761634819,
    "syria": 0.5215878422271283,
    "covid": 0.3536377235829184,
    "general": 0.4480230791412265,
    "politics": 0.8268794981271554
}