{
    "politics": 0.5208501498729267,
    "general": 0.4794142740514327,
    "covid": 0.4711724397838713,
    "syria": 0.6037570793222868,
    "islam": 0.6829350511417319,
    "notredame": 0.7083110089983485,
    "gossip": 0.7495547004192494
}