{
    "politics": 0.4983626154557181,
    "general": 0.4835364908663338,
    "covid": 0.3893476473969522,
    "syria": 0.6365297318455932,
    "islam": 0.689874099746823,
    "notredame": 0.6099854088215161,
    "gossip": 0.7127559115419144
}