{
    "gossip": {
        "gossip": 0.7777777777777777,
        "notredame": 0.46544868891237606,
        "islam": 0.4931245172680128,
        "syria": 0.41333333333333333,
        "covid": 0.4231426682771655,
        "general": 0.9302560574799653,
        "politics": 0.43060819631525715
    },
    "notredame": {
        "gossip": 0.45436507936507936,
        "notredame": 0.8513091317705593,
        "islam": 0.25307007444930535,
        "syria": 0.296969696969697,
        "covid": 0.511422276740615,
        "general": 0.15794608707501911,
        "politics": 0.29891204500189833
    },
    "islam": {
        "gossip": 0.7777777777777777,
        "notredame": 0.7815350952218041,
        "islam": 0.8518122255821502,
        "syria": 0.34200024041351124,
        "covid": 0.6532997267506504,
        "general": 0.6659050603882372,
        "politics": 0.5446121133714611
    },
    "syria": {
        "gossip": 0.5,
        "notredame": 0.6537489870823204,
        "islam": 0.7357804232804234,
        "syria": 0.46918918918918917,
        "covid": 0.4803962612672505,
        "general": 0.9157553515500213,
        "politics": 0.4681024592512894
    },
    "covid": {
        "gossip": 0.33333333333333326,
        "notredame": 0.5800807456392563,
        "islam": 0.34948763900376806,
        "syria": 0.296969696969697,
        "covid": 0.9388781568210274,
        "general": 0.09826025108284717,
        "politics": 0.3136947931095996
    },
    "general": {
        "gossip": 0.33333333333333326,
        "notredame": 0.48567208679568225,
        "islam": 0.4689252786403794,
        "syria": 0.3710144927536232,
        "covid": 0.4316038132634432,
        "general": 0.9705689748056932,
        "politics": 0.3872713389335889
    },
    "politics": {
        "gossip": 0.4643874643874644,
        "notredame": 0.61471510624053,
        "islam": 0.6991540995391605,
        "syria": 0.4075970669551629,
        "covid": 0.5531801091120898,
        "general": 0.44398101809977675,
        "politics": 0.9358170925639518
    }
}