{
    "politics": {
        "politics": 0.9191337386018237,
        "general": 0.40947801807770573,
        "covid": 0.3886832931080718,
        "syria": 0.4548666666666667,
        "islam": 0.2650055141990626,
        "notredame": 0.4061995793703111,
        "gossip": 0.3988467672678199
    },
    "general": {
        "politics": 0.4581466113416321,
        "general": 0.9701010101010102,
        "covid": 0.3633770014556041,
        "syria": 0.3633770014556041,
        "islam": 0.4381974769529354,
        "notredame": 0.46544868891237606,
        "gossip": 0.33333333333333326
    },
    "covid": {
        "politics": 0.3289592441831248,
        "general": 0.14877559213167404,
        "covid": 0.9466951566951567,
        "syria": 0.3093420687357726,
        "islam": 0.2676726520653438,
        "notredame": 0.2163332163332163,
        "gossip": 0.33333333333333326
    },
    "syria": {
        "politics": 0.6293352883675464,
        "general": 0.7320974576271186,
        "covid": 0.8703486289100179,
        "syria": 0.49718166383701184,
        "islam": 0.6900678271016676,
        "notredame": 0.5610199199791157,
        "gossip": 0.512987012987013
    },
    "islam": {
        "politics": 0.7843566362715299,
        "general": 0.7215540015540016,
        "covid": 0.8567011161637039,
        "syria": 0.4030222222222222,
        "islam": 0.8956927575348629,
        "notredame": 0.4704704704704705,
        "gossip": 0.5866518802298619
    },
    "notredame": {
        "politics": 0.5168518091016822,
        "general": 0.333178999586606,
        "covid": 0.9056530920060332,
        "syria": 0.42251084746305456,
        "islam": 0.7476811594202899,
        "notredame": 0.8534957492703972,
        "gossip": 0.5689655172413793
    },
    "gossip": {
        "politics": 0.761237797016025,
        "general": 0.7072064569854589,
        "covid": 0.8415909126081372,
        "syria": 0.48073420204567746,
        "islam": 0.8276879792199888,
        "notredame": 0.7616746493328772,
        "gossip": 0.7383252818035427
    }
}