{
    "gossip": {
        "gossip": 0.80998099809981,
        "notredame": 0.5699176265214001,
        "islam": 0.4487847222222222,
        "syria": 0.40625238276782316,
        "covid": 0.44741343023451896,
        "general": 0.8905925172448632,
        "politics": 0.49267634620265943
    },
    "notredame": {
        "gossip": 0.46576007770762506,
        "notredame": 0.8265807178336729,
        "islam": 0.23816365626710453,
        "syria": 0.296969696969697,
        "covid": 0.46112957294181656,
        "general": 0.18885878474942996,
        "politics": 0.3069498194177488
    },
    "islam": {
        "gossip": 0.5876736111111112,
        "notredame": 0.758151700087184,
        "islam": 0.845099875156055,
        "syria": 0.5381734584152174,
        "covid": 0.5784534636632802,
        "general": 0.8307751606651538,
        "politics": 0.5388301560662819
    },
    "syria": {
        "gossip": 0.5164524118410189,
        "notredame": 0.7083930019169716,
        "islam": 0.818455721233499,
        "syria": 0.544106196002818,
        "covid": 0.5276487542848074,
        "general": 0.8904218409845183,
        "politics": 0.49510992425720163
    },
    "covid": {
        "gossip": 0.33333333333333326,
        "notredame": 0.4747915617480835,
        "islam": 0.2819823232323232,
        "syria": 0.296969696969697,
        "covid": 0.9417079135473609,
        "general": 0.10878268919665794,
        "politics": 0.3212595059504422
    },
    "general": {
        "gossip": 0.33333333333333326,
        "notredame": 0.48567208679568225,
        "islam": 0.4689252786403794,
        "syria": 0.3710144927536232,
        "covid": 0.45016059873360326,
        "general": 0.9715600759111184,
        "politics": 0.3874662849221097
    },
    "politics": {
        "gossip": 0.4171928120446819,
        "notredame": 0.5575094269527259,
        "islam": 0.6145507920682397,
        "syria": 0.36942148760330584,
        "covid": 0.644986952615941,
        "general": 0.38456251065245495,
        "politics": 0.9343629986821139
    }
}