{
    "gossip": 0.5669761642665773,
    "notredame": 0.3982343358259589,
    "islam": 0.6572045373067251,
    "syria": 0.6143554106324829,
    "covid": 0.42510486394440605,
    "general": 0.5116108252635146,
    "politics": 0.5960201354998398
}