{
    "gossip": {
        "gossip": 0.8193496587715776,
        "notredame": 0.46118028140500045,
        "islam": 0.5425084175084175,
        "syria": 0.4206902499295155,
        "covid": 0.49206383016490046,
        "general": 0.9379649122807018,
        "politics": 0.5211097308488613
    },
    "notredame": {
        "gossip": 0.5863970588235294,
        "notredame": 0.9001793680653003,
        "islam": 0.25307007444930535,
        "syria": 0.30413273001508295,
        "covid": 0.5535285810769326,
        "general": 0.22523287178565005,
        "politics": 0.24730427597603802
    },
    "islam": {
        "gossip": 0.7126436781609194,
        "notredame": 0.8638809564526821,
        "islam": 0.9021896215634873,
        "syria": 0.3533825809393525,
        "covid": 0.6601057824792214,
        "general": 0.5348878561325521,
        "politics": 0.6039285714285715
    },
    "syria": {
        "gossip": 0.80998099809981,
        "notredame": 0.8340263340263341,
        "islam": 0.8494598967899939,
        "syria": 0.5914314135970187,
        "covid": 0.6921783835485413,
        "general": 0.6867543649844534,
        "politics": 0.6121014492753623
    },
    "covid": {
        "gossip": 0.4590695997115038,
        "notredame": 0.3409891524177239,
        "islam": 0.43424940898345155,
        "syria": 0.3552897740383762,
        "covid": 0.9533644790507974,
        "general": 0.24590909090909088,
        "politics": 0.34939195880372353
    },
    "general": {
        "gossip": 0.33333333333333326,
        "notredame": 0.46544868891237606,
        "islam": 0.4381974769529354,
        "syria": 0.3633770014556041,
        "covid": 0.3633770014556041,
        "general": 0.9701010101010102,
        "politics": 0.4581466113416321
    },
    "politics": {
        "gossip": 0.4047619047619048,
        "notredame": 0.36780430065101605,
        "islam": 0.36625300612319556,
        "syria": 0.4050245840910622,
        "covid": 0.4914233385661957,
        "general": 0.4259059059059058,
        "politics": 0.9326114488348531
    }
}