{
    "gossip": 0.5869846218100022,
    "notredame": 0.4190299935792551,
    "islam": 0.665026626201003,
    "syria": 0.6405641711531063,
    "covid": 0.4110981324529222,
    "general": 0.48682896497477773,
    "politics": 0.5806932782611621
}