{
    "politics": 0.4646624591734099,
    "general": 0.4801713668180192,
    "covid": 0.6388116216596811,
    "syria": 0.6549532172280015,
    "islam": 0.7098692537405376,
    "notredame": 0.7451917758842823,
    "gossip": 0.7445810128418774
}