{
    "politics": 0.47989788870794736,
    "general": 0.49563797309920343,
    "covid": 0.645681288595899,
    "syria": 0.6495673381414918,
    "islam": 0.7105804748310578,
    "notredame": 0.7520911164816535,
    "gossip": 0.7542676984707576
}