{
    "politics": 0.9313819798155856,
    "general": 0.6875364909175371,
    "covid": 0.7810465486864041,
    "syria": 0.7383805697351832,
    "islam": 0.7698667640353587,
    "notredame": 0.7731869055004268,
    "gossip": 0.7524907241446963
}