{
    "politics": {
        "politics": 0.9315985519198637,
        "general": 0.2664347131321697,
        "covid": 0.43101953110822866,
        "syria": 0.41363196906219785,
        "islam": 0.4885415980863344,
        "notredame": 0.33531277756629874,
        "gossip": 0.36050156739811906
    },
    "general": {
        "politics": 0.5578085878811004,
        "general": 0.9647476965572923,
        "covid": 0.37547991682714194,
        "syria": 0.3710144927536232,
        "islam": 0.4381974769529354,
        "notredame": 0.4524979524979525,
        "gossip": 0.3551783129359126
    },
    "covid": {
        "politics": 0.8623784293898749,
        "general": 0.7817009726801515,
        "covid": 0.9393566364167335,
        "syria": 0.46640838464989187,
        "islam": 0.5396993828657666,
        "notredame": 0.42020775772917407,
        "gossip": 0.5288220551378446
    },
    "syria": {
        "politics": 0.8422174025161877,
        "general": 0.8054537268949821,
        "covid": 0.9332237957504875,
        "syria": 0.5393939393939394,
        "islam": 0.5250429000429,
        "notredame": 0.4233111800324915,
        "gossip": 0.52995299529953
    },
    "islam": {
        "politics": 0.8461266789573992,
        "general": 0.7964599438972654,
        "covid": 0.9294157503149748,
        "syria": 0.5623529411764705,
        "islam": 0.875297619047619,
        "notredame": 0.4791197755132181,
        "gossip": 0.54995499549955
    },
    "notredame": {
        "politics": 0.8317564495408013,
        "general": 0.8177108236160132,
        "covid": 0.9255706850353076,
        "syria": 0.5822795983669866,
        "islam": 0.875297619047619,
        "notredame": 0.7815990206234109,
        "gossip": 0.5383380168606985
    },
    "gossip": {
        "politics": 0.8168500878733922,
        "general": 0.8197459621132321,
        "covid": 0.927514023339937,
        "syria": 0.5607427055702917,
        "islam": 0.8478860798384796,
        "notredame": 0.7335583791279994,
        "gossip": 0.64996499649965
    }
}