{
    "politics": {
        "politics": 0.9313819798155701,
        "general": 0.2652765966683337,
        "covid": 0.4131980758514624,
        "syria": 0.4649817318919734,
        "islam": 0.4829658372341299,
        "notredame": 0.30408292908292905,
        "gossip": 0.37996031746031744
    },
    "general": {
        "politics": 0.4399492036615583,
        "general": 0.966857312739557,
        "covid": 0.3719150503905878,
        "syria": 0.3710144927536232,
        "islam": 0.4381974769529354,
        "notredame": 0.4568636433043213,
        "gossip": 0.33333333333333326
    },
    "covid": {
        "politics": 0.8767899925329642,
        "general": 0.6469994991839592,
        "covid": 0.9431244466856342,
        "syria": 0.5194159402699622,
        "islam": 0.4375829304267109,
        "notredame": 0.4283394207058329,
        "gossip": 0.47252747252747246
    },
    "syria": {
        "politics": 0.8495121900631702,
        "general": 0.7132770985483926,
        "covid": 0.9346412173979938,
        "syria": 0.5692859679414177,
        "islam": 0.4824181117533719,
        "notredame": 0.44647007379720144,
        "gossip": 0.5366079703429101
    },
    "islam": {
        "politics": 0.8489704795451781,
        "general": 0.7344412506318904,
        "covid": 0.9279576324684702,
        "syria": 0.5632170313424009,
        "islam": 0.8888888888888888,
        "notredame": 0.5485989235989236,
        "gossip": 0.483753416337686
    },
    "notredame": {
        "politics": 0.8375598637798012,
        "general": 0.7528942937021442,
        "covid": 0.9241795530846715,
        "syria": 0.5984852984852985,
        "islam": 0.8413203817314248,
        "notredame": 0.7923301575512824,
        "gossip": 0.5444883085332524
    },
    "gossip": {
        "politics": 0.789716297495244,
        "general": 0.8270701214922965,
        "covid": 0.9198329633347907,
        "syria": 0.5673640590256721,
        "islam": 0.8340575416419777,
        "notredame": 0.7802436239055958,
        "gossip": 0.6305418719211823
    }
}