{
    "politics": 0.4735558322917771,
    "general": 0.47329587159000736,
    "covid": 0.6156370169295122,
    "syria": 0.6417248643889484,
    "islam": 0.6999780674526149,
    "notredame": 0.741729435531173,
    "gossip": 0.7524907241446963
}