{
    "politics": 0.9310115318177126,
    "general": 0.7165561162824441,
    "covid": 0.8120340109848085,
    "syria": 0.7533976463494019,
    "islam": 0.7821755952453001,
    "notredame": 0.7778456865041424,
    "gossip": 0.7445810128418774
}