{
    "politics": {
        "politics": 0.9310115318176966,
        "general": 0.204840909646175,
        "covid": 0.4209489544972303,
        "syria": 0.4672161711313904,
        "islam": 0.4975301798472531,
        "notredame": 0.3143020453763064,
        "gossip": 0.36050156739811906
    },
    "general": {
        "politics": 0.49858818732587246,
        "general": 0.9636290316862499,
        "covid": 0.3769336619866769,
        "syria": 0.3710144927536232,
        "islam": 0.4381974769529354,
        "notredame": 0.44808236808236807,
        "gossip": 0.32432432432432434
    },
    "covid": {
        "politics": 0.8652386279706407,
        "general": 0.7411116736694684,
        "covid": 0.9403071165941466,
        "syria": 0.4844564240790656,
        "islam": 0.4811260662457073,
        "notredame": 0.3828535809612096,
        "gossip": 0.5118845500848896
    },
    "syria": {
        "politics": 0.8412805382903826,
        "general": 0.7832770689496609,
        "covid": 0.9350565453344979,
        "syria": 0.5496110837966289,
        "islam": 0.5151976823449217,
        "notredame": 0.4749865072445717,
        "gossip": 0.5169082125603864
    },
    "islam": {
        "politics": 0.8407845488759084,
        "general": 0.7785753592724628,
        "covid": 0.9340797676261489,
        "syria": 0.5701754385964911,
        "islam": 0.8885770293147999,
        "notredame": 0.5046337080235385,
        "gossip": 0.5288220551378446
    },
    "notredame": {
        "politics": 0.836236737548895,
        "general": 0.7901132990116376,
        "covid": 0.9307627288622953,
        "syria": 0.5851471984805318,
        "islam": 0.854921162847992,
        "notredame": 0.7633989390086952,
        "gossip": 0.54995499549955
    },
    "gossip": {
        "politics": 0.8085686474048387,
        "general": 0.8116953937552424,
        "covid": 0.9256412074643526,
        "syria": 0.569028327598752,
        "islam": 0.827287098628562,
        "notredame": 0.730784040485533,
        "gossip": 0.629666700030027
    }
}