{
    "politics": 0.9315985519198788,
    "general": 0.7486183224278353,
    "covid": 0.8276917931149834,
    "syria": 0.7575854362024506,
    "islam": 0.7837285405562142,
    "notredame": 0.7879304592880584,
    "gossip": 0.7542676984707576
}