{
    "politics": 0.941091520178223,
    "general": 0.9645976370024958,
    "covid": 0.9729954204599766,
    "syria": 0.5113500597371565,
    "islam": 0.9374156545209177,
    "notredame": 0.8179991838528424,
    "gossip": 0.677938808373591
}