{
    "politics": 0.9223958574997546,
    "general": 0.9057453439659833,
    "covid": 0.9184450859679928,
    "syria": 0.5209999630737417,
    "islam": 0.8659253469552788,
    "notredame": 0.7269987757792635,
    "gossip": 0.5383380168606985
}