{
    "politics": 0.5496882473476412,
    "general": 0.567501115125459,
    "covid": 0.6046599945088056,
    "syria": 0.6110077371378835,
    "islam": 0.656269827881349,
    "notredame": 0.7434654080642367,
    "gossip": 0.7624790582009795
}