{
    "politics": 0.9469686628490657,
    "general": 0.6601560644827826,
    "covid": 0.6749894076597635,
    "syria": 0.6480220539970365,
    "islam": 0.6917481443715797,
    "notredame": 0.7336554004769311,
    "gossip": 0.7370376644345921
}