{
    "politics": {
        "politics": 0.9470862714270699,
        "general": 0.5811073726342306,
        "covid": 0.37710150008300974,
        "syria": 0.47450980392156855,
        "islam": 0.4310200668896322,
        "notredame": 0.24156104251718852,
        "gossip": 0.5974235104669887
    },
    "general": {
        "politics": 0.9443456631610612,
        "general": 0.6685162673129859,
        "covid": 0.37590193564805524,
        "syria": 0.4096358543417367,
        "islam": 0.46811868686868685,
        "notredame": 0.28794777760295,
        "gossip": 0.5833333333333333
    },
    "covid": {
        "politics": 0.9395660061139636,
        "general": 0.49963016578647584,
        "covid": 0.959706615718484,
        "syria": 0.45881135062720735,
        "islam": 0.30612344508283595,
        "notredame": 0.26354478041524104,
        "gossip": 0.5833333333333333
    },
    "syria": {
        "politics": 0.9409584497040681,
        "general": 0.5151292718401003,
        "covid": 0.9525944165202822,
        "syria": 0.43649477100613054,
        "islam": 0.32475456776656664,
        "notredame": 0.2714459232123255,
        "gossip": 0.64996499649965
    },
    "islam": {
        "politics": 0.9400577388049086,
        "general": 0.3053762138116386,
        "covid": 0.9397659691781388,
        "syria": 0.45732255166217434,
        "islam": 0.9861111111111112,
        "notredame": 0.30265400535670806,
        "gossip": 0.5174632352941176
    },
    "notredame": {
        "politics": 0.937140597692129,
        "general": 0.3792433527684791,
        "covid": 0.9242370539908579,
        "syria": 0.5271963009667927,
        "islam": 0.9447722703033481,
        "notredame": 0.9019417016416267,
        "gossip": 0.648
    },
    "gossip": {
        "politics": 0.9386284875743289,
        "general": 0.4508848999356874,
        "covid": 0.9257784121260172,
        "syria": 0.488757250401086,
        "islam": 0.9722883597883596,
        "notredame": 0.8398487773487773,
        "gossip": 0.7987117552334944
    }
}