{
    "politics": {
        "politics": 0.9469686628490551,
        "general": 0.44624897768939065,
        "covid": 0.41142803362118047,
        "syria": 0.47557454962621176,
        "islam": 0.6518398825219199,
        "notredame": 0.3878740053922536,
        "gossip": 0.5866518802298619
    },
    "general": {
        "politics": 0.3868309772079743,
        "general": 0.9680021644592334,
        "covid": 0.35970815038969056,
        "syria": 0.3710144927536232,
        "islam": 0.4381974769529354,
        "notredame": 0.46544868891237606,
        "gossip": 0.33333333333333326
    },
    "covid": {
        "politics": 0.926779768464144,
        "general": 0.16210862632148568,
        "covid": 0.9748851892904549,
        "syria": 0.5156510646649003,
        "islam": 0.25002620994643643,
        "notredame": 0.39399026355548095,
        "gossip": 0.47252747252747246
    },
    "syria": {
        "politics": 0.9266194214549295,
        "general": 0.24049749198439616,
        "covid": 0.9696470474474345,
        "syria": 0.5101388472680052,
        "islam": 0.261546148034413,
        "notredame": 0.48464455146636,
        "gossip": 0.5392628205128206
    },
    "islam": {
        "politics": 0.9333249577245234,
        "general": 0.12460826383461981,
        "covid": 0.9331511687571095,
        "syria": 0.5333333333333333,
        "islam": 0.9513232868496027,
        "notredame": 0.3462597212597212,
        "gossip": 0.46236559139784944
    },
    "notredame": {
        "politics": 0.9331016323971976,
        "general": 0.3001837375918313,
        "covid": 0.8848867492638178,
        "syria": 0.5822795983669866,
        "islam": 0.9009773662551441,
        "notredame": 0.8738738738738738,
        "gossip": 0.6969696969696969
    },
    "gossip": {
        "politics": 0.9271563085978579,
        "general": 0.43556633210422574,
        "covid": 0.8516618986462728,
        "syria": 0.47088948787061996,
        "islam": 0.900479761328818,
        "notredame": 0.8600110314396028,
        "gossip": 0.7799119647859143
    }
}