{
    "politics": 0.5565989910372143,
    "general": 0.4649177603365348,
    "covid": 0.5433247528853877,
    "syria": 0.5697762807976594,
    "islam": 0.6265256854688986,
    "notredame": 0.7283740610217665,
    "gossip": 0.7370376644345921
}