{
    "politics": 0.9470862714270807,
    "general": 0.7533038881748272,
    "covid": 0.7578869249118337,
    "syria": 0.7007933149675023,
    "islam": 0.7208554003710081,
    "notredame": 0.7559983674755226,
    "gossip": 0.7624790582009795
}