{
    "politics": 0.5772540541072588,
    "general": 0.5810322981647115,
    "covid": 0.704862297406285,
    "syria": 0.6780264407467915,
    "islam": 0.7553785973161244,
    "notredame": 0.8022906627165729,
    "gossip": 0.831822138882283
}