{
    "politics": 0.9465882924965626,
    "general": 0.9406125889904869,
    "covid": 0.9053742805743972,
    "syria": 0.7984002286076073,
    "islam": 0.8250629125632074,
    "notredame": 0.8279059612848246,
    "gossip": 0.8203949329650612
}