{
    "politics": 0.5501171898530196,
    "general": 0.589810909965735,
    "covid": 0.6929720906811676,
    "syria": 0.7049674865644073,
    "islam": 0.7560965145142167,
    "notredame": 0.78905379820286,
    "gossip": 0.8203949329650612
}