{
    "politics": 0.9461025847394048,
    "general": 0.9321444788294395,
    "covid": 0.8779886735659561,
    "syria": 0.8165323501598057,
    "islam": 0.8259609834702252,
    "notredame": 0.810927403078138,
    "gossip": 0.8153066000288741
}