{
    "politics": {
        "politics": 0.945942989312497,
        "general": 0.5085671782466868,
        "covid": 0.40854988194264935,
        "syria": 0.4492610837438424,
        "islam": 0.6787054912054912,
        "notredame": 0.29287398429431594,
        "gossip": 0.6386993175431553
    },
    "general": {
        "politics": 0.9056944675614439,
        "general": 0.9715054151483503,
        "covid": 0.45688416203247434,
        "syria": 0.3710144927536232,
        "islam": 0.4836647952548609,
        "notredame": 0.40988697592471174,
        "gossip": 0.3551783129359126
    },
    "covid": {
        "politics": 0.9283273387190005,
        "general": 0.8878409762114131,
        "covid": 0.9744134327270281,
        "syria": 0.4606811145510836,
        "islam": 0.5935177900166099,
        "notredame": 0.3143020453763064,
        "gossip": 0.5824175824175825
    },
    "syria": {
        "politics": 0.9320745058327857,
        "general": 0.878980341416381,
        "covid": 0.9677905306831499,
        "syria": 0.4906846899794299,
        "islam": 0.4517558820956879,
        "notredame": 0.2977753263467549,
        "gossip": 0.5320855614973261
    },
    "islam": {
        "politics": 0.9354270547077624,
        "general": 0.8648655694154548,
        "covid": 0.9625837922909799,
        "syria": 0.5444522033150795,
        "islam": 0.9653963423016226,
        "notredame": 0.3826480282176485,
        "gossip": 0.5543672014260249
    },
    "notredame": {
        "politics": 0.9349602587040511,
        "general": 0.8753365284368403,
        "covid": 0.957830666333887,
        "syria": 0.5323042620701484,
        "islam": 0.9445767195767196,
        "notredame": 0.873286329808069,
        "gossip": 0.49286472461375164
    },
    "gossip": {
        "politics": 0.9336183839003543,
        "general": 0.8725044906141614,
        "covid": 0.9573259170762755,
        "syria": 0.5083280920492804,
        "islam": 0.9305555555555556,
        "notredame": 0.8438100843164135,
        "gossip": 0.8397435897435898
    }
}