{
    "politics": 0.9459429893125082,
    "general": 0.9388359168298258,
    "covid": 0.9120655337082777,
    "syria": 0.8042175769118693,
    "islam": 0.842117818852677,
    "notredame": 0.84359963309348,
    "gossip": 0.831822138882283
}