{
    "politics": {
        "politics": 0.9461025847393936,
        "general": 0.558797819945203,
        "covid": 0.4730078048088894,
        "syria": 0.4468524251805986,
        "islam": 0.5469939868764677,
        "notredame": 0.3710566358320495,
        "gossip": 0.66996699669967
    },
    "general": {
        "politics": 0.8934665942514284,
        "general": 0.9702415620288831,
        "covid": 0.35970815038969056,
        "syria": 0.3710144927536232,
        "islam": 0.4381974769529354,
        "notredame": 0.46544868891237606,
        "gossip": 0.33333333333333326
    },
    "covid": {
        "politics": 0.929087183684468,
        "general": 0.8213217721066939,
        "covid": 0.9701354916501705,
        "syria": 0.3914522286677575,
        "islam": 0.4425925925925926,
        "notredame": 0.5829840969354921,
        "gossip": 0.5015766453056658
    },
    "syria": {
        "politics": 0.9335134049267413,
        "general": 0.8776130910271308,
        "covid": 0.958211099379712,
        "syria": 0.5546070208139173,
        "islam": 0.585702642024245,
        "notredame": 0.6583245583245583,
        "gossip": 0.4350282485875706
    },
    "islam": {
        "politics": 0.9385954642673422,
        "general": 0.8519254398308261,
        "covid": 0.9419702239727398,
        "syria": 0.5222104394956992,
        "islam": 0.9364909538209214,
        "notredame": 0.6042687870214997,
        "gossip": 0.5305164319248825
    },
    "notredame": {
        "politics": 0.9365853073773082,
        "general": 0.8031963255938295,
        "covid": 0.9294285765373437,
        "syria": 0.4973023278596182,
        "islam": 0.9100304899842189,
        "notredame": 0.8820301622589912,
        "gossip": 0.5118845500848896
    },
    "gossip": {
        "politics": 0.9391459496449747,
        "general": 0.8162913006282482,
        "covid": 0.929473099341302,
        "syria": 0.5302809783707297,
        "islam": 0.93036064332175,
        "notredame": 0.8457317506463732,
        "gossip": 0.8043455874781177
    }
}