{
    "politics": 0.5829404277464908,
    "general": 0.5693367755667951,
    "covid": 0.6836373496333747,
    "syria": 0.7209906787472747,
    "islam": 0.7589107205202255,
    "notredame": 0.7707947809819191,
    "gossip": 0.8153066000288741
}