{
    "politics": {
        "politics": 0.9465882924965516,
        "general": 0.4665111321398575,
        "covid": 0.4244393957372602,
        "syria": 0.48686829268292686,
        "islam": 0.5234359105480499,
        "notredame": 0.3504355419249036,
        "gossip": 0.6290726817042607
    },
    "general": {
        "politics": 0.9090386615458879,
        "general": 0.9706505649466036,
        "covid": 0.4099376174671319,
        "syria": 0.3710144927536232,
        "islam": 0.49801587301587297,
        "notredame": 0.4969737539396981,
        "gossip": 0.33333333333333326
    },
    "covid": {
        "politics": 0.925172832903543,
        "general": 0.8778275097561932,
        "covid": 0.9729740676295197,
        "syria": 0.41636993317399157,
        "islam": 0.37230021283419346,
        "notredame": 0.6352435714829989,
        "gossip": 0.4498975299320462
    },
    "syria": {
        "politics": 0.9297887274110073,
        "general": 0.8569013588653874,
        "covid": 0.972518131447549,
        "syria": 0.4895543229510104,
        "islam": 0.5981299927378357,
        "notredame": 0.625038225038225,
        "gossip": 0.4708994708994709
    },
    "islam": {
        "politics": 0.9351023357972371,
        "general": 0.7996982017756361,
        "covid": 0.9692121596640032,
        "syria": 0.544106196002818,
        "islam": 0.9721442573286999,
        "notredame": 0.5492589363557105,
        "gossip": 0.5798319327731093
    },
    "notredame": {
        "politics": 0.9351518074647542,
        "general": 0.8149040190750784,
        "covid": 0.9578211732171962,
        "syria": 0.4958604383353547,
        "islam": 0.9580812663843518,
        "notredame": 0.8918918918918919,
        "gossip": 0.551203590371277
    },
    "gossip": {
        "politics": 0.9357747543784323,
        "general": 0.7875361369395455,
        "covid": 0.9606435575728051,
        "syria": 0.5137254901960784,
        "islam": 0.9580812663843518,
        "notredame": 0.857229805055892,
        "gossip": 0.8291628982011858
    }
}