{
    "politics": 0.9439551429984191,
    "general": 0.934836558078226,
    "covid": 0.8957044044350846,
    "syria": 0.7832110216907493,
    "islam": 0.8155898799613474,
    "notredame": 0.824418137259245,
    "gossip": 0.7968204962170095
}