{
    "politics": {
        "politics": 0.9439551429984072,
        "general": 0.14898639735676908,
        "covid": 0.408120473590344,
        "syria": 0.4429720071471114,
        "islam": 0.5380994209927253,
        "notredame": 0.26354478041524104,
        "gossip": 0.48752228163992867
    },
    "general": {
        "politics": 0.8979904090543567,
        "general": 0.9714114583394093,
        "covid": 0.44344543773368594,
        "syria": 0.3626666666666667,
        "islam": 0.4537768031189084,
        "notredame": 0.5185399381144061,
        "gossip": 0.33333333333333326
    },
    "covid": {
        "politics": 0.925065998778935,
        "general": 0.8600981053997565,
        "covid": 0.9710873488163003,
        "syria": 0.428940877920819,
        "islam": 0.49595103578154426,
        "notredame": 0.42738283496262225,
        "gossip": 0.5075871771681237
    },
    "syria": {
        "politics": 0.9259325302405241,
        "general": 0.8294418302791897,
        "covid": 0.972035304592815,
        "syria": 0.4846202134337728,
        "islam": 0.49595103578154426,
        "notredame": 0.39542531036783907,
        "gossip": 0.5083167695365625
    },
    "islam": {
        "politics": 0.9251674971044076,
        "general": 0.831580264800498,
        "covid": 0.9597389780221579,
        "syria": 0.49752473426753463,
        "islam": 0.9444444444444444,
        "notredame": 0.39399026355548095,
        "gossip": 0.4916485112563544
    },
    "notredame": {
        "politics": 0.9257157309285728,
        "general": 0.845896655517568,
        "covid": 0.9530949665238095,
        "syria": 0.5095960895291999,
        "islam": 0.9513232868496027,
        "notredame": 0.8340263340263341,
        "gossip": 0.567882624861823
    },
    "gossip": {
        "politics": 0.9208837851074294,
        "general": 0.8486646029338305,
        "covid": 0.95827725806195,
        "syria": 0.4973023278596182,
        "islam": 0.9298791486291486,
        "notredame": 0.8056256883843091,
        "gossip": 0.6897207486738064
    }
}