{
    "politics": {
        "politics": 0.9411212690857272,
        "general": 0.20279810543766094,
        "covid": 0.4198205592015526,
        "syria": 0.47828700965897886,
        "islam": 0.639724955516968,
        "notredame": 0.28794777760295,
        "gossip": 0.567099567099567
    },
    "general": {
        "politics": 0.5480486346535262,
        "general": 0.9722705286123966,
        "covid": 0.35970815038969056,
        "syria": 0.3710144927536232,
        "islam": 0.4689252786403794,
        "notredame": 0.46118028140500045,
        "gossip": 0.3551783129359126
    },
    "covid": {
        "politics": 0.8783206843656696,
        "general": 0.7779113584253283,
        "covid": 0.9687275288885899,
        "syria": 0.43950099884050686,
        "islam": 0.5014432448642974,
        "notredame": 0.4088525431809014,
        "gossip": 0.44862155388471175
    },
    "syria": {
        "politics": 0.9201169168237356,
        "general": 0.7117273193738498,
        "covid": 0.9658985239539033,
        "syria": 0.5265432098765431,
        "islam": 0.567426441882076,
        "notredame": 0.36172084273350097,
        "gossip": 0.5083167695365625
    },
    "islam": {
        "politics": 0.9203692244950847,
        "general": 0.7690755823984985,
        "covid": 0.9587714440155382,
        "syria": 0.5591249625412047,
        "islam": 0.943903318903319,
        "notredame": 0.37976209719297177,
        "gossip": 0.47240259740259744
    },
    "notredame": {
        "politics": 0.9182703325014713,
        "general": 0.7492824554276264,
        "covid": 0.9550023872012354,
        "syria": 0.5657427149964465,
        "islam": 0.92387195306357,
        "notredame": 0.8543993470822739,
        "gossip": 0.4635084522724972
    },
    "gossip": {
        "politics": 0.8818413221772892,
        "general": 0.6850257583322298,
        "covid": 0.9478942675678287,
        "syria": 0.4888608659100463,
        "islam": 0.9375776937994131,
        "notredame": 0.8645631462290972,
        "gossip": 0.7373737373737375
    }
}