{
    "politics": 0.509945587657628,
    "general": 0.49851571372403425,
    "covid": 0.6401815135586176,
    "syria": 0.6509520548949791,
    "islam": 0.7132654802351299,
    "notredame": 0.7622458943821894,
    "gossip": 0.7764670070699958
}