{
    "politics": {
        "politics": 0.9432370680973386,
        "general": 0.2078738929574006,
        "covid": 0.3918211007716335,
        "syria": 0.5264780845480683,
        "islam": 0.5619332988735973,
        "notredame": 0.3143020453763064,
        "gossip": 0.5741893219783819
    },
    "general": {
        "politics": 0.8937177327975483,
        "general": 0.9699000187220709,
        "covid": 0.38522399185059375,
        "syria": 0.3710144927536232,
        "islam": 0.4537768031189084,
        "notredame": 0.44361602982292636,
        "gossip": 0.3551783129359126
    },
    "covid": {
        "politics": 0.9230539773957784,
        "general": 0.7746481843013415,
        "covid": 0.9744043754476298,
        "syria": 0.3852429962766044,
        "islam": 0.46288734372805174,
        "notredame": 0.4612213802042306,
        "gossip": 0.5598239295718287
    },
    "syria": {
        "politics": 0.9234788763545626,
        "general": 0.773798117079253,
        "covid": 0.9668502570129681,
        "syria": 0.47725490196078435,
        "islam": 0.5719733852645246,
        "notredame": 0.37560318939629284,
        "gossip": 0.4797919167667067
    },
    "islam": {
        "politics": 0.9275618086270226,
        "general": 0.7378927275492524,
        "covid": 0.9597562256319165,
        "syria": 0.5028112449799197,
        "islam": 0.95821638599305,
        "notredame": 0.43506955231093164,
        "gossip": 0.5495946351716544
    },
    "notredame": {
        "politics": 0.9280129990142941,
        "general": 0.7956766261193603,
        "covid": 0.9516249818693486,
        "syria": 0.5501960784313725,
        "islam": 0.9101892912868522,
        "notredame": 0.8621853685144825,
        "gossip": 0.5598239295718287
    },
    "gossip": {
        "politics": 0.9257022987347441,
        "general": 0.752823695693483,
        "covid": 0.9530973092199593,
        "syria": 0.5579666924389137,
        "islam": 0.9377134161429209,
        "notredame": 0.8551843769235075,
        "gossip": 0.7297567811029927
    }
}