{
    "politics": 0.4652805554666121,
    "general": 0.588109418327579,
    "covid": 0.6718549550425881,
    "syria": 0.6635411265649404,
    "islam": 0.7226204477867026,
    "notredame": 0.7877034962432059,
    "gossip": 0.7968204962170095
}