{
    "politics": 0.9432370680973506,
    "general": 0.9316203683236185,
    "covid": 0.8560950121977973,
    "syria": 0.7613178009300148,
    "islam": 0.7948993846539438,
    "notredame": 0.8177058799821438,
    "gossip": 0.8002556262996742
}