{
    "politics": 0.5094476637525773,
    "general": 0.5718376282402243,
    "covid": 0.6681453545342068,
    "syria": 0.6492460635266168,
    "islam": 0.7167470379466861,
    "notredame": 0.7808405918939967,
    "gossip": 0.8002556262996742
}