{
    "politics": 0.9411212690857396,
    "general": 0.7475689684196019,
    "covid": 0.8409790820246091,
    "syria": 0.7525707442715529,
    "islam": 0.8092101981508139,
    "notredame": 0.8102017343751001,
    "gossip": 0.7764670070699958
}