{
    "politics": 0.9461380001357624,
    "general": 0.9673383020629516,
    "covid": 0.9739416480687831,
    "syria": 0.5002533943496842,
    "islam": 0.9307208994708994,
    "notredame": 0.9267478746351986,
    "gossip": 0.7584541062801933
}