{
    "politics": {
        "politics": 0.9314224478434026,
        "general": 0.1992185644753342,
        "covid": 0.6395076875562896,
        "syria": 0.4429720071471114,
        "islam": 0.2676726520653438,
        "notredame": 0.26354478041524104,
        "gossip": 0.3288590604026846
    },
    "general": {
        "politics": 0.3868309772079743,
        "general": 0.9680021644592334,
        "covid": 0.35970815038969056,
        "syria": 0.3710144927536232,
        "islam": 0.4381974769529354,
        "notredame": 0.46544868891237606,
        "gossip": 0.33333333333333326
    },
    "covid": {
        "politics": 0.5594487651168581,
        "general": 0.08711485217508615,
        "covid": 0.9223045009638098,
        "syria": 0.30179028132992325,
        "islam": 0.26446969696969697,
        "notredame": 0.3143020453763064,
        "gossip": 0.33333333333333326
    },
    "syria": {
        "politics": 0.610354896333786,
        "general": 0.6384085752703477,
        "covid": 0.7469233967130607,
        "syria": 0.491804990082472,
        "islam": 0.5729660283457751,
        "notredame": 0.6496111496111497,
        "gossip": 0.562608076492727
    },
    "islam": {
        "politics": 0.7020147681522219,
        "general": 0.3733014252454028,
        "covid": 0.8061847233840584,
        "syria": 0.5223853760863051,
        "islam": 0.8678774928774929,
        "notredame": 0.3710566358320495,
        "gossip": 0.48574100046750823
    },
    "notredame": {
        "politics": 0.6416382357120143,
        "general": 0.7650927363862248,
        "covid": 0.652717538023378,
        "syria": 0.40725866428677676,
        "islam": 0.7264464361511085,
        "notredame": 0.6440341050270129,
        "gossip": 0.5463252343986289
    },
    "gossip": {
        "politics": 0.6437291855035107,
        "general": 0.7347121157379575,
        "covid": 0.6624659913065447,
        "syria": 0.428940877920819,
        "islam": 0.7261363636363636,
        "notredame": 0.6605417810237086,
        "gossip": 0.5974235104669887
    }
}