{
    "politics": 0.46668082438040837,
    "general": 0.4649177603365348,
    "covid": 0.411930689987606,
    "syria": 0.5984802136688135,
    "islam": 0.5950428952841507,
    "notredame": 0.6212049891600756,
    "gossip": 0.625759184988451
}