{
    "politics": 0.9314224478434167,
    "general": 0.6601560644827826,
    "covid": 0.5166282547674564,
    "syria": 0.5961227863751424,
    "islam": 0.638555916045646,
    "notredame": 0.632719235829744,
    "gossip": 0.625759184988451
}