{
    "politics": 0.9458690249476266,
    "general": 0.6622846634608034,
    "covid": 0.46133900378338755,
    "syria": 0.6073312034619984,
    "islam": 0.665669854808109,
    "notredame": 0.6645722776123064,
    "gossip": 0.7540822748205195
}