{
    "politics": 0.5494017538661919,
    "general": 0.4655053696207919,
    "covid": 0.4201705903696369,
    "syria": 0.5436748552760889,
    "islam": 0.6393000677595104,
    "notredame": 0.6548463891226675,
    "gossip": 0.7540822748205195
}