{
    "politics": {
        "politics": 0.945869024947615,
        "general": 0.48814519892242225,
        "covid": 0.40939963460380446,
        "syria": 0.44813611010794113,
        "islam": 0.5790005682314887,
        "notredame": 0.31986647176520594,
        "gossip": 0.5879811074263892
    },
    "general": {
        "politics": 0.39086391135725707,
        "general": 0.9680021644592334,
        "covid": 0.35970815038969056,
        "syria": 0.3710144927536232,
        "islam": 0.4381974769529354,
        "notredame": 0.46544868891237606,
        "gossip": 0.33333333333333326
    },
    "covid": {
        "politics": 0.2908922054908516,
        "general": 0.05095229893382835,
        "covid": 0.977710425024669,
        "syria": 0.5831263552138773,
        "islam": 0.23528602860286027,
        "notredame": 0.28552851831329357,
        "gossip": 0.3288590604026846
    },
    "syria": {
        "politics": 0.6340825311028082,
        "general": 0.3869245484232301,
        "covid": 0.9634403636181984,
        "syria": 0.46212879546212887,
        "islam": 0.25002620994643643,
        "notredame": 0.44647007379720144,
        "gossip": 0.5392628205128206
    },
    "islam": {
        "politics": 0.634747962849314,
        "general": 0.3279118107235886,
        "covid": 0.9368037451944102,
        "syria": 0.3710144927536232,
        "islam": 0.9580812663843518,
        "notredame": 0.4679672888628112,
        "gossip": 0.6216897856242118
    },
    "notredame": {
        "politics": 0.6530906266144147,
        "general": 0.21601012536564862,
        "covid": 0.908153654413966,
        "syria": 0.4255360623781676,
        "islam": 0.9223778324477929,
        "notredame": 0.8378378378378378,
        "gossip": 0.5824175824175825
    },
    "gossip": {
        "politics": 0.8729970618068059,
        "general": 0.6946520558445866,
        "covid": 0.8439843204034975,
        "syria": 0.3710144927536232,
        "islam": 0.8697340425531915,
        "notredame": 0.8022184177374028,
        "gossip": 0.8286117552172598
    }
}